INSERT INTO MWA_M_BRANCH (ID, BRANCH_CODE, BRANCH_TEXT, CREATE_BY, CREATE_DATE, LASTUPDATE_BY, LASTUPDATE_DATE, ROW_VERSION) VALUES (1, '01', 'บางกอกน้อย', NULL, NULL, NULL, NULL, 1);
INSERT INTO MWA_M_BRANCH (ID, BRANCH_CODE, BRANCH_TEXT, CREATE_BY, CREATE_DATE, LASTUPDATE_BY, LASTUPDATE_DATE, ROW_VERSION) VALUES (2, '02', 'ตากสิน', NULL, NULL, NULL, NULL, 1);
INSERT INTO MWA_M_BRANCH (ID, BRANCH_CODE, BRANCH_TEXT, CREATE_BY, CREATE_DATE, LASTUPDATE_BY, LASTUPDATE_DATE, ROW_VERSION) VALUES (3, '03', 'พญาไท', NULL, NULL, NULL, NULL, 1);
INSERT INTO MWA_M_BRANCH (ID, BRANCH_CODE, BRANCH_TEXT, CREATE_BY, CREATE_DATE, LASTUPDATE_BY, LASTUPDATE_DATE, ROW_VERSION) VALUES (4, '04', 'นนทบุรี', NULL, NULL, NULL, NULL, 1);
INSERT INTO MWA_M_BRANCH (ID, BRANCH_CODE, BRANCH_TEXT, CREATE_BY, CREATE_DATE, LASTUPDATE_BY, LASTUPDATE_DATE, ROW_VERSION) VALUES (5, '05', 'ทุ่งมหาเมฆ', NULL, NULL, NULL, NULL, 1);
INSERT INTO MWA_M_BRANCH (ID, BRANCH_CODE, BRANCH_TEXT, CREATE_BY, CREATE_DATE, LASTUPDATE_BY, LASTUPDATE_DATE, ROW_VERSION) VALUES (6, '06', 'แม้นศรี', NULL, NULL, NULL, NULL, 1);
INSERT INTO MWA_M_BRANCH (ID, BRANCH_CODE, BRANCH_TEXT, CREATE_BY, CREATE_DATE, LASTUPDATE_BY, LASTUPDATE_DATE, ROW_VERSION) VALUES (7, '07', 'สุขุมวิท', NULL, NULL, NULL, NULL, 1);
INSERT INTO MWA_M_BRANCH (ID, BRANCH_CODE, BRANCH_TEXT, CREATE_BY, CREATE_DATE, LASTUPDATE_BY, LASTUPDATE_DATE, ROW_VERSION) VALUES (8, '11', 'ภาษีเจริญ', NULL, NULL, NULL, NULL, 1);
INSERT INTO MWA_M_BRANCH (ID, BRANCH_CODE, BRANCH_TEXT, CREATE_BY, CREATE_DATE, LASTUPDATE_BY, LASTUPDATE_DATE, ROW_VERSION) VALUES (9, '12', 'ลาดพร้าว', NULL, NULL, NULL, NULL, 1);
INSERT INTO MWA_M_BRANCH (ID, BRANCH_CODE, BRANCH_TEXT, CREATE_BY, CREATE_DATE, LASTUPDATE_BY, LASTUPDATE_DATE, ROW_VERSION) VALUES (10, '13', 'พระโขนง', NULL, NULL, NULL, NULL, 1);
INSERT INTO MWA_M_BRANCH (ID, BRANCH_CODE, BRANCH_TEXT, CREATE_BY, CREATE_DATE, LASTUPDATE_BY, LASTUPDATE_DATE, ROW_VERSION) VALUES (11, '14', 'สุขสวัสดิ์', NULL, NULL, NULL, NULL, 1);
INSERT INTO MWA_M_BRANCH (ID, BRANCH_CODE, BRANCH_TEXT, CREATE_BY, CREATE_DATE, LASTUPDATE_BY, LASTUPDATE_DATE, ROW_VERSION) VALUES (12, '15', 'ประชาชื่น', NULL, NULL, NULL, NULL, 1);
INSERT INTO MWA_M_BRANCH (ID, BRANCH_CODE, BRANCH_TEXT, CREATE_BY, CREATE_DATE, LASTUPDATE_BY, LASTUPDATE_DATE, ROW_VERSION) VALUES (13, '16', 'บางเขน', NULL, NULL, NULL, NULL, 1);
INSERT INTO MWA_M_BRANCH (ID, BRANCH_CODE, BRANCH_TEXT, CREATE_BY, CREATE_DATE, LASTUPDATE_BY, LASTUPDATE_DATE, ROW_VERSION) VALUES (14, '17', 'สมุทรปราการ', NULL, NULL, NULL, NULL, 1);
INSERT INTO MWA_M_BRANCH (ID, BRANCH_CODE, BRANCH_TEXT, CREATE_BY, CREATE_DATE, LASTUPDATE_BY, LASTUPDATE_DATE, ROW_VERSION) VALUES (15, '53', 'มีนบุรี', NULL, NULL, NULL, NULL, 1);
INSERT INTO MWA_M_BRANCH (ID, BRANCH_CODE, BRANCH_TEXT, CREATE_BY, CREATE_DATE, LASTUPDATE_BY, LASTUPDATE_DATE, ROW_VERSION) VALUES (16, '54', 'บางบัวทอง', NULL, NULL, NULL, NULL, 1);
INSERT INTO MWA_M_BRANCH (ID, BRANCH_CODE, BRANCH_TEXT, CREATE_BY, CREATE_DATE, LASTUPDATE_BY, LASTUPDATE_DATE, ROW_VERSION) VALUES (17, '55', 'สุวรรณภูมิ', NULL, NULL, NULL, NULL, 1);
INSERT INTO MWA_M_BRANCH (ID, BRANCH_CODE, BRANCH_TEXT, CREATE_BY, CREATE_DATE, LASTUPDATE_BY, LASTUPDATE_DATE, ROW_VERSION) VALUES (18, '56', 'มหาสวัสดิ์', NULL, NULL, NULL, NULL, 1);

INSERT INTO MWA_M_WEEK (ID, WEEK_TEXT, START_DATE, END_DATE, NO_OF_WORKDAY, CREATE_BY, CREATE_DATE, LASTUPDATE_BY, LASTUPDATE_DATE, ROW_VERSION) VALUES (1, '1 ม.ค. 2560 - 7 ม.ค. 2560', '2017-01-01 00:00:00', '2017-01-07 00:00:00', '5', NULL, NULL, NULL, NULL, 1);
INSERT INTO MWA_M_WEEK (ID, WEEK_TEXT, START_DATE, END_DATE, NO_OF_WORKDAY, CREATE_BY, CREATE_DATE, LASTUPDATE_BY, LASTUPDATE_DATE, ROW_VERSION) VALUES (2, '8 ม.ค. 2560 - 14 ม.ค. 2560', '2017-01-08 00:00:00', '2017-01-14 00:00:00', '5', NULL, NULL, NULL, NULL, 1);
INSERT INTO MWA_M_WEEK (ID, WEEK_TEXT, START_DATE, END_DATE, NO_OF_WORKDAY, CREATE_BY, CREATE_DATE, LASTUPDATE_BY, LASTUPDATE_DATE, ROW_VERSION) VALUES (3, '15 ม.ค. 2560 - 21 ม.ค. 2560', '2017-01-15 00:00:00', '2017-01-21 00:00:00', '5', NULL, NULL, NULL, NULL, 1);
INSERT INTO MWA_M_WEEK (ID, WEEK_TEXT, START_DATE, END_DATE, NO_OF_WORKDAY, CREATE_BY, CREATE_DATE, LASTUPDATE_BY, LASTUPDATE_DATE, ROW_VERSION) VALUES (4, '22 ม.ค. 2560 - 28 ม.ค. 2560', '2017-01-22 00:00:00', '2017-01-28 00:00:00', '5', NULL, NULL, NULL, NULL, 1);
INSERT INTO MWA_M_WEEK (ID, WEEK_TEXT, START_DATE, END_DATE, NO_OF_WORKDAY, CREATE_BY, CREATE_DATE, LASTUPDATE_BY, LASTUPDATE_DATE, ROW_VERSION) VALUES (5, '29 ม.ค. 2560 - 4 ก.พ. 2560', '2017-01-29 00:00:00', '2017-02-04 00:00:00', '5', NULL, NULL, NULL, NULL, 1);
INSERT INTO MWA_M_WEEK (ID, WEEK_TEXT, START_DATE, END_DATE, NO_OF_WORKDAY, CREATE_BY, CREATE_DATE, LASTUPDATE_BY, LASTUPDATE_DATE, ROW_VERSION) VALUES (6, '5 ก.พ. 2560 - 11 ก.พ. 2560', '2017-02-05 00:00:00', '2017-02-11 00:00:00', '5', NULL, NULL, NULL, NULL, 1);
INSERT INTO MWA_M_WEEK (ID, WEEK_TEXT, START_DATE, END_DATE, NO_OF_WORKDAY, CREATE_BY, CREATE_DATE, LASTUPDATE_BY, LASTUPDATE_DATE, ROW_VERSION) VALUES (7, '12 ก.พ. 2560 - 18 ก.พ. 2560', '2017-02-12 00:00:00', '2017-02-18 00:00:00', '5', NULL, NULL, NULL, NULL, 1);
INSERT INTO MWA_M_WEEK (ID, WEEK_TEXT, START_DATE, END_DATE, NO_OF_WORKDAY, CREATE_BY, CREATE_DATE, LASTUPDATE_BY, LASTUPDATE_DATE, ROW_VERSION) VALUES (8, '19 ก.พ. 2560 - 25 ก.พ. 2560', '2017-02-19 00:00:00', '2017-02-25 00:00:00', '5', NULL, NULL, NULL, NULL, 1);
INSERT INTO MWA_M_WEEK (ID, WEEK_TEXT, START_DATE, END_DATE, NO_OF_WORKDAY, CREATE_BY, CREATE_DATE, LASTUPDATE_BY, LASTUPDATE_DATE, ROW_VERSION) VALUES (9, '26 ก.พ. 2560 - 4 มี.ค. 2560', '2017-02-26 00:00:00', '2017-03-04 00:00:00', '5', NULL, NULL, NULL, NULL, 1);
INSERT INTO MWA_M_WEEK (ID, WEEK_TEXT, START_DATE, END_DATE, NO_OF_WORKDAY, CREATE_BY, CREATE_DATE, LASTUPDATE_BY, LASTUPDATE_DATE, ROW_VERSION) VALUES (10, '5 มี.ค. 2560 - 11 มี.ค. 2560', '2017-03-05 00:00:00', '2017-03-11 00:00:00', '5', NULL, NULL, NULL, NULL, 1);
INSERT INTO MWA_M_WEEK (ID, WEEK_TEXT, START_DATE, END_DATE, NO_OF_WORKDAY, CREATE_BY, CREATE_DATE, LASTUPDATE_BY, LASTUPDATE_DATE, ROW_VERSION) VALUES (11, '12 มี.ค. 2560 - 18 มี.ค. 2560', '2017-03-12 00:00:00', '2017-03-18 00:00:00', '5', NULL, NULL, NULL, NULL, 1);
INSERT INTO MWA_M_WEEK (ID, WEEK_TEXT, START_DATE, END_DATE, NO_OF_WORKDAY, CREATE_BY, CREATE_DATE, LASTUPDATE_BY, LASTUPDATE_DATE, ROW_VERSION) VALUES (12, '19 มี.ค. 2560 - 25 มี.ค. 2560', '2017-03-19 00:00:00', '2017-03-25 00:00:00', '5', NULL, NULL, NULL, NULL, 1);
INSERT INTO MWA_M_WEEK (ID, WEEK_TEXT, START_DATE, END_DATE, NO_OF_WORKDAY, CREATE_BY, CREATE_DATE, LASTUPDATE_BY, LASTUPDATE_DATE, ROW_VERSION) VALUES (13, '26 มี.ค. 2560 - 1 เม.ย. 2560', '2017-03-26 00:00:00', '2017-04-01 00:00:00', '5', NULL, NULL, NULL, NULL, 1);
INSERT INTO MWA_M_WEEK (ID, WEEK_TEXT, START_DATE, END_DATE, NO_OF_WORKDAY, CREATE_BY, CREATE_DATE, LASTUPDATE_BY, LASTUPDATE_DATE, ROW_VERSION) VALUES (14, '2 เม.ย. 2560 - 8 เม.ย. 2560', '2017-04-02 00:00:00', '2017-04-08 00:00:00', '5', NULL, NULL, NULL, NULL, 1);
INSERT INTO MWA_M_WEEK (ID, WEEK_TEXT, START_DATE, END_DATE, NO_OF_WORKDAY, CREATE_BY, CREATE_DATE, LASTUPDATE_BY, LASTUPDATE_DATE, ROW_VERSION) VALUES (15, '9 เม.ย. 2560 - 15 เม.ย. 2560', '2017-04-09 00:00:00', '2017-04-15 00:00:00', '5', NULL, NULL, NULL, NULL, 1);
INSERT INTO MWA_M_WEEK (ID, WEEK_TEXT, START_DATE, END_DATE, NO_OF_WORKDAY, CREATE_BY, CREATE_DATE, LASTUPDATE_BY, LASTUPDATE_DATE, ROW_VERSION) VALUES (16, '16 เม.ย. 2560 - 22 เม.ย. 2560', '2017-04-16 00:00:00', '2017-04-22 00:00:00', '5', NULL, NULL, NULL, NULL, 1);
INSERT INTO MWA_M_WEEK (ID, WEEK_TEXT, START_DATE, END_DATE, NO_OF_WORKDAY, CREATE_BY, CREATE_DATE, LASTUPDATE_BY, LASTUPDATE_DATE, ROW_VERSION) VALUES (17, '23 เม.ย. 2560 - 29 เม.ย. 2560', '2017-04-23 00:00:00', '2017-04-29 00:00:00', '5', NULL, NULL, NULL, NULL, 1);
INSERT INTO MWA_M_WEEK (ID, WEEK_TEXT, START_DATE, END_DATE, NO_OF_WORKDAY, CREATE_BY, CREATE_DATE, LASTUPDATE_BY, LASTUPDATE_DATE, ROW_VERSION) VALUES (18, '30 เม.ย. 2560 - 6 พ.ค. 2560', '2017-04-30 00:00:00', '2017-05-06 00:00:00', '5', NULL, NULL, NULL, NULL, 1);
INSERT INTO MWA_M_WEEK (ID, WEEK_TEXT, START_DATE, END_DATE, NO_OF_WORKDAY, CREATE_BY, CREATE_DATE, LASTUPDATE_BY, LASTUPDATE_DATE, ROW_VERSION) VALUES (19, '7 พ.ค. 2560 - 13 พ.ค. 2560', '2017-05-07 00:00:00', '2017-05-13 00:00:00', '5', NULL, NULL, NULL, NULL, 1);
INSERT INTO MWA_M_WEEK (ID, WEEK_TEXT, START_DATE, END_DATE, NO_OF_WORKDAY, CREATE_BY, CREATE_DATE, LASTUPDATE_BY, LASTUPDATE_DATE, ROW_VERSION) VALUES (20, '14 พ.ค. 2560 - 20 พ.ค. 2560', '2017-05-14 00:00:00', '2017-05-20 00:00:00', '5', NULL, NULL, NULL, NULL, 1);
INSERT INTO MWA_M_WEEK (ID, WEEK_TEXT, START_DATE, END_DATE, NO_OF_WORKDAY, CREATE_BY, CREATE_DATE, LASTUPDATE_BY, LASTUPDATE_DATE, ROW_VERSION) VALUES (21, '21 พ.ค. 2560 - 27 พ.ค. 2560', '2017-05-21 00:00:00', '2017-05-27 00:00:00', '5', NULL, NULL, NULL, NULL, 1);
INSERT INTO MWA_M_WEEK (ID, WEEK_TEXT, START_DATE, END_DATE, NO_OF_WORKDAY, CREATE_BY, CREATE_DATE, LASTUPDATE_BY, LASTUPDATE_DATE, ROW_VERSION) VALUES (22, '28 พ.ค. 2560 - 3 มิ.ย. 2560', '2017-05-28 00:00:00', '2017-06-03 00:00:00', '5', NULL, NULL, NULL, NULL, 1);
INSERT INTO MWA_M_WEEK (ID, WEEK_TEXT, START_DATE, END_DATE, NO_OF_WORKDAY, CREATE_BY, CREATE_DATE, LASTUPDATE_BY, LASTUPDATE_DATE, ROW_VERSION) VALUES (23, '4 มิ.ย. 2560 - 10 มิ.ย. 2560', '2017-06-04 00:00:00', '2017-06-10 00:00:00', '5', NULL, NULL, NULL, NULL, 1);
INSERT INTO MWA_M_WEEK (ID, WEEK_TEXT, START_DATE, END_DATE, NO_OF_WORKDAY, CREATE_BY, CREATE_DATE, LASTUPDATE_BY, LASTUPDATE_DATE, ROW_VERSION) VALUES (24, '11 มิ.ย. 2560 - 17 มิ.ย. 2560', '2017-06-11 00:00:00', '2017-06-17 00:00:00', '5', NULL, NULL, NULL, NULL, 1);
INSERT INTO MWA_M_WEEK (ID, WEEK_TEXT, START_DATE, END_DATE, NO_OF_WORKDAY, CREATE_BY, CREATE_DATE, LASTUPDATE_BY, LASTUPDATE_DATE, ROW_VERSION) VALUES (25, '18 มิ.ย. 2560 - 24 มิ.ย. 2560', '2017-06-18 00:00:00', '2017-06-24 00:00:00', '5', NULL, NULL, NULL, NULL, 1);
INSERT INTO MWA_M_WEEK (ID, WEEK_TEXT, START_DATE, END_DATE, NO_OF_WORKDAY, CREATE_BY, CREATE_DATE, LASTUPDATE_BY, LASTUPDATE_DATE, ROW_VERSION) VALUES (26, '25 มิ.ย. 2560 - 1 ก.ค. 2560', '2017-06-25 00:00:00', '2017-07-01 00:00:00', '5', NULL, NULL, NULL, NULL, 1);
INSERT INTO MWA_M_WEEK (ID, WEEK_TEXT, START_DATE, END_DATE, NO_OF_WORKDAY, CREATE_BY, CREATE_DATE, LASTUPDATE_BY, LASTUPDATE_DATE, ROW_VERSION) VALUES (27, '2 ก.ค. 2560 - 8 ก.ค. 2560', '2017-07-02 00:00:00', '2017-07-08 00:00:00', '5', NULL, NULL, NULL, NULL, 1);
INSERT INTO MWA_M_WEEK (ID, WEEK_TEXT, START_DATE, END_DATE, NO_OF_WORKDAY, CREATE_BY, CREATE_DATE, LASTUPDATE_BY, LASTUPDATE_DATE, ROW_VERSION) VALUES (28, '9 ก.ค. 2560 - 15 ก.ค. 2560', '2017-07-09 00:00:00', '2017-07-15 00:00:00', '5', NULL, NULL, NULL, NULL, 1);
INSERT INTO MWA_M_WEEK (ID, WEEK_TEXT, START_DATE, END_DATE, NO_OF_WORKDAY, CREATE_BY, CREATE_DATE, LASTUPDATE_BY, LASTUPDATE_DATE, ROW_VERSION) VALUES (29, '16 ก.ค. 2560 - 22 ก.ค. 2560', '2017-07-16 00:00:00', '2017-07-22 00:00:00', '5', NULL, NULL, NULL, NULL, 1);
INSERT INTO MWA_M_WEEK (ID, WEEK_TEXT, START_DATE, END_DATE, NO_OF_WORKDAY, CREATE_BY, CREATE_DATE, LASTUPDATE_BY, LASTUPDATE_DATE, ROW_VERSION) VALUES (30, '23 ก.ค. 2560 - 29 ก.ค. 2560', '2017-07-23 00:00:00', '2017-07-29 00:00:00', '5', NULL, NULL, NULL, NULL, 1);
INSERT INTO MWA_M_WEEK (ID, WEEK_TEXT, START_DATE, END_DATE, NO_OF_WORKDAY, CREATE_BY, CREATE_DATE, LASTUPDATE_BY, LASTUPDATE_DATE, ROW_VERSION) VALUES (31, '30 ก.ค. 2560 - 5 ส.ค. 2560', '2017-07-30 00:00:00', '2017-08-05 00:00:00', '5', NULL, NULL, NULL, NULL, 1);
INSERT INTO MWA_M_WEEK (ID, WEEK_TEXT, START_DATE, END_DATE, NO_OF_WORKDAY, CREATE_BY, CREATE_DATE, LASTUPDATE_BY, LASTUPDATE_DATE, ROW_VERSION) VALUES (32, '6 ส.ค. 2560 - 12 ส.ค. 2560', '2017-08-06 00:00:00', '2017-08-12 00:00:00', '5', NULL, NULL, NULL, NULL, 1);
INSERT INTO MWA_M_WEEK (ID, WEEK_TEXT, START_DATE, END_DATE, NO_OF_WORKDAY, CREATE_BY, CREATE_DATE, LASTUPDATE_BY, LASTUPDATE_DATE, ROW_VERSION) VALUES (33, '13 ส.ค. 2560 - 19 ส.ค. 2560', '2017-08-13 00:00:00', '2017-08-19 00:00:00', '5', NULL, NULL, NULL, NULL, 1);
INSERT INTO MWA_M_WEEK (ID, WEEK_TEXT, START_DATE, END_DATE, NO_OF_WORKDAY, CREATE_BY, CREATE_DATE, LASTUPDATE_BY, LASTUPDATE_DATE, ROW_VERSION) VALUES (34, '20 ส.ค. 2560 - 26 ส.ค. 2560', '2017-08-20 00:00:00', '2017-08-26 00:00:00', '5', NULL, NULL, NULL, NULL, 1);
INSERT INTO MWA_M_WEEK (ID, WEEK_TEXT, START_DATE, END_DATE, NO_OF_WORKDAY, CREATE_BY, CREATE_DATE, LASTUPDATE_BY, LASTUPDATE_DATE, ROW_VERSION) VALUES (35, '27 ส.ค. 2560 - 2 ก.ย. 2560', '2017-08-27 00:00:00', '2017-09-02 00:00:00', '5', NULL, NULL, NULL, NULL, 1);
INSERT INTO MWA_M_WEEK (ID, WEEK_TEXT, START_DATE, END_DATE, NO_OF_WORKDAY, CREATE_BY, CREATE_DATE, LASTUPDATE_BY, LASTUPDATE_DATE, ROW_VERSION) VALUES (36, '3 ก.ย. 2560 - 9 ก.ย. 2560', '2017-09-03 00:00:00', '2017-09-09 00:00:00', '5', NULL, NULL, NULL, NULL, 1);
INSERT INTO MWA_M_WEEK (ID, WEEK_TEXT, START_DATE, END_DATE, NO_OF_WORKDAY, CREATE_BY, CREATE_DATE, LASTUPDATE_BY, LASTUPDATE_DATE, ROW_VERSION) VALUES (37, '10 ก.ย. 2560 - 16 ก.ย. 2560', '2017-09-10 00:00:00', '2017-09-16 00:00:00', '5', NULL, NULL, NULL, NULL, 1);
INSERT INTO MWA_M_WEEK (ID, WEEK_TEXT, START_DATE, END_DATE, NO_OF_WORKDAY, CREATE_BY, CREATE_DATE, LASTUPDATE_BY, LASTUPDATE_DATE, ROW_VERSION) VALUES (38, '17 ก.ย. 2560 - 23 ก.ย. 2560', '2017-09-17 00:00:00', '2017-09-23 00:00:00', '5', NULL, NULL, NULL, NULL, 1);
INSERT INTO MWA_M_WEEK (ID, WEEK_TEXT, START_DATE, END_DATE, NO_OF_WORKDAY, CREATE_BY, CREATE_DATE, LASTUPDATE_BY, LASTUPDATE_DATE, ROW_VERSION) VALUES (39, '24 ก.ย. 2560 - 30 ก.ย. 2560', '2017-09-24 00:00:00', '2017-09-30 00:00:00', '5', NULL, NULL, NULL, NULL, 1);
INSERT INTO MWA_M_WEEK (ID, WEEK_TEXT, START_DATE, END_DATE, NO_OF_WORKDAY, CREATE_BY, CREATE_DATE, LASTUPDATE_BY, LASTUPDATE_DATE, ROW_VERSION) VALUES (40, '1 ต.ค. 2560 - 7 ต.ค. 2560', '2017-10-01 00:00:00', '2017-10-07 00:00:00', '5', NULL, NULL, NULL, NULL, 1);
INSERT INTO MWA_M_WEEK (ID, WEEK_TEXT, START_DATE, END_DATE, NO_OF_WORKDAY, CREATE_BY, CREATE_DATE, LASTUPDATE_BY, LASTUPDATE_DATE, ROW_VERSION) VALUES (41, '8 ต.ค. 2560 - 14 ต.ค. 2560', '2017-10-08 00:00:00', '2017-10-14 00:00:00', '5', NULL, NULL, NULL, NULL, 1);
INSERT INTO MWA_M_WEEK (ID, WEEK_TEXT, START_DATE, END_DATE, NO_OF_WORKDAY, CREATE_BY, CREATE_DATE, LASTUPDATE_BY, LASTUPDATE_DATE, ROW_VERSION) VALUES (42, '15 ต.ค. 2560 - 21 ต.ค. 2560', '2017-10-15 00:00:00', '2017-10-21 00:00:00', '5', NULL, NULL, NULL, NULL, 1);
INSERT INTO MWA_M_WEEK (ID, WEEK_TEXT, START_DATE, END_DATE, NO_OF_WORKDAY, CREATE_BY, CREATE_DATE, LASTUPDATE_BY, LASTUPDATE_DATE, ROW_VERSION) VALUES (43, '22 ต.ค. 2560 - 28 ต.ค. 2560', '2017-10-22 00:00:00', '2017-10-28 00:00:00', '5', NULL, NULL, NULL, NULL, 1);
INSERT INTO MWA_M_WEEK (ID, WEEK_TEXT, START_DATE, END_DATE, NO_OF_WORKDAY, CREATE_BY, CREATE_DATE, LASTUPDATE_BY, LASTUPDATE_DATE, ROW_VERSION) VALUES (44, '29 ต.ค. 2560 - 4 พ.ย. 2560', '2017-10-29 00:00:00', '2017-11-04 00:00:00', '5', NULL, NULL, NULL, NULL, 1);
INSERT INTO MWA_M_WEEK (ID, WEEK_TEXT, START_DATE, END_DATE, NO_OF_WORKDAY, CREATE_BY, CREATE_DATE, LASTUPDATE_BY, LASTUPDATE_DATE, ROW_VERSION) VALUES (45, '5 พ.ย. 2560 - 11 พ.ย. 2560', '2017-11-05 00:00:00', '2017-11-11 00:00:00', '5', NULL, NULL, NULL, NULL, 1);
INSERT INTO MWA_M_WEEK (ID, WEEK_TEXT, START_DATE, END_DATE, NO_OF_WORKDAY, CREATE_BY, CREATE_DATE, LASTUPDATE_BY, LASTUPDATE_DATE, ROW_VERSION) VALUES (46, '12 พ.ย. 2560 - 18 พ.ย. 2560', '2017-11-12 00:00:00', '2017-11-18 00:00:00', '5', NULL, NULL, NULL, NULL, 1);
INSERT INTO MWA_M_WEEK (ID, WEEK_TEXT, START_DATE, END_DATE, NO_OF_WORKDAY, CREATE_BY, CREATE_DATE, LASTUPDATE_BY, LASTUPDATE_DATE, ROW_VERSION) VALUES (47, '19 พ.ย. 2560 - 25 พ.ย. 2560', '2017-11-19 00:00:00', '2017-11-25 00:00:00', '5', NULL, NULL, NULL, NULL, 1);
INSERT INTO MWA_M_WEEK (ID, WEEK_TEXT, START_DATE, END_DATE, NO_OF_WORKDAY, CREATE_BY, CREATE_DATE, LASTUPDATE_BY, LASTUPDATE_DATE, ROW_VERSION) VALUES (48, '26 พ.ย. 2560 - 2 ธ.ค. 2560', '2017-11-26 00:00:00', '2017-12-02 00:00:00', '5', NULL, NULL, NULL, NULL, 1);
INSERT INTO MWA_M_WEEK (ID, WEEK_TEXT, START_DATE, END_DATE, NO_OF_WORKDAY, CREATE_BY, CREATE_DATE, LASTUPDATE_BY, LASTUPDATE_DATE, ROW_VERSION) VALUES (49, '3 ธ.ค. 2560 - 9 ธ.ค. 2560', '2017-12-03 00:00:00', '2017-12-09 00:00:00', '5', NULL, NULL, NULL, NULL, 1);
INSERT INTO MWA_M_WEEK (ID, WEEK_TEXT, START_DATE, END_DATE, NO_OF_WORKDAY, CREATE_BY, CREATE_DATE, LASTUPDATE_BY, LASTUPDATE_DATE, ROW_VERSION) VALUES (50, '10 ธ.ค. 2560 - 16 ธ.ค. 2560', '2017-12-10 00:00:00', '2017-12-16 00:00:00', '5', NULL, NULL, NULL, NULL, 1);
INSERT INTO MWA_M_WEEK (ID, WEEK_TEXT, START_DATE, END_DATE, NO_OF_WORKDAY, CREATE_BY, CREATE_DATE, LASTUPDATE_BY, LASTUPDATE_DATE, ROW_VERSION) VALUES (51, '17 ธ.ค. 2560 - 23 ธ.ค. 2560', '2017-12-17 00:00:00', '2017-12-23 00:00:00', '5', NULL, NULL, NULL, NULL, 1);
INSERT INTO MWA_M_WEEK (ID, WEEK_TEXT, START_DATE, END_DATE, NO_OF_WORKDAY, CREATE_BY, CREATE_DATE, LASTUPDATE_BY, LASTUPDATE_DATE, ROW_VERSION) VALUES (52, '24 ธ.ค. 2560 - 30 ธ.ค. 2560', '2017-12-24 00:00:00', '2017-12-30 00:00:00', '5', NULL, NULL, NULL, NULL, 1);
INSERT INTO MWA_M_WEEK (ID, WEEK_TEXT, START_DATE, END_DATE, NO_OF_WORKDAY, CREATE_BY, CREATE_DATE, LASTUPDATE_BY, LASTUPDATE_DATE, ROW_VERSION) VALUES (53, '31 ธ.ค. 2560 - 6 ม.ค. 2561', '2017-12-31 00:00:00', '2018-01-06 00:00:00', '5', NULL, NULL, NULL, NULL, 1);
INSERT INTO MWA_M_WEEK (ID, WEEK_TEXT, START_DATE, END_DATE, NO_OF_WORKDAY, CREATE_BY, CREATE_DATE, LASTUPDATE_BY, LASTUPDATE_DATE, ROW_VERSION) VALUES (54, '7 ม.ค. 2561 - 13 ม.ค. 2561', '2018-01-07 00:00:00', '2018-01-13 00:00:00', '5', NULL, NULL, NULL, NULL, 1);
INSERT INTO MWA_M_WEEK (ID, WEEK_TEXT, START_DATE, END_DATE, NO_OF_WORKDAY, CREATE_BY, CREATE_DATE, LASTUPDATE_BY, LASTUPDATE_DATE, ROW_VERSION) VALUES (55, '14 ม.ค. 2561 - 20 ม.ค. 2561', '2018-01-14 00:00:00', '2018-01-20 00:00:00', '5', NULL, NULL, NULL, NULL, 1);
INSERT INTO MWA_M_WEEK (ID, WEEK_TEXT, START_DATE, END_DATE, NO_OF_WORKDAY, CREATE_BY, CREATE_DATE, LASTUPDATE_BY, LASTUPDATE_DATE, ROW_VERSION) VALUES (56, '21 ม.ค. 2561 - 27 ม.ค. 2561', '2018-01-21 00:00:00', '2018-01-27 00:00:00', '5', NULL, NULL, NULL, NULL, 1);
INSERT INTO MWA_M_WEEK (ID, WEEK_TEXT, START_DATE, END_DATE, NO_OF_WORKDAY, CREATE_BY, CREATE_DATE, LASTUPDATE_BY, LASTUPDATE_DATE, ROW_VERSION) VALUES (57, '28 ม.ค. 2561 - 3 ก.พ. 2561', '2018-01-28 00:00:00', '2018-02-03 00:00:00', '5', NULL, NULL, NULL, NULL, 1);
INSERT INTO MWA_M_WEEK (ID, WEEK_TEXT, START_DATE, END_DATE, NO_OF_WORKDAY, CREATE_BY, CREATE_DATE, LASTUPDATE_BY, LASTUPDATE_DATE, ROW_VERSION) VALUES (58, '4 ก.พ. 2561 - 10 ก.พ. 2561', '2018-02-04 00:00:00', '2018-02-10 00:00:00', '5', NULL, NULL, NULL, NULL, 1);
INSERT INTO MWA_M_WEEK (ID, WEEK_TEXT, START_DATE, END_DATE, NO_OF_WORKDAY, CREATE_BY, CREATE_DATE, LASTUPDATE_BY, LASTUPDATE_DATE, ROW_VERSION) VALUES (59, '11 ก.พ. 2561 - 17 ก.พ. 2561', '2018-02-11 00:00:00', '2018-02-17 00:00:00', '5', NULL, NULL, NULL, NULL, 1);
INSERT INTO MWA_M_WEEK (ID, WEEK_TEXT, START_DATE, END_DATE, NO_OF_WORKDAY, CREATE_BY, CREATE_DATE, LASTUPDATE_BY, LASTUPDATE_DATE, ROW_VERSION) VALUES (60, '18 ก.พ. 2561 - 24 ก.พ. 2561', '2018-02-18 00:00:00', '2018-02-24 00:00:00', '5', NULL, NULL, NULL, NULL, 1);
INSERT INTO MWA_M_WEEK (ID, WEEK_TEXT, START_DATE, END_DATE, NO_OF_WORKDAY, CREATE_BY, CREATE_DATE, LASTUPDATE_BY, LASTUPDATE_DATE, ROW_VERSION) VALUES (61, '25 ก.พ. 2561 - 3 มี.ค. 2561', '2018-02-25 00:00:00', '2018-03-03 00:00:00', '5', NULL, NULL, NULL, NULL, 1);
INSERT INTO MWA_M_WEEK (ID, WEEK_TEXT, START_DATE, END_DATE, NO_OF_WORKDAY, CREATE_BY, CREATE_DATE, LASTUPDATE_BY, LASTUPDATE_DATE, ROW_VERSION) VALUES (62, '4 มี.ค. 2561 - 10 มี.ค. 2561', '2018-03-04 00:00:00', '2018-03-10 00:00:00', '5', NULL, NULL, NULL, NULL, 1);
INSERT INTO MWA_M_WEEK (ID, WEEK_TEXT, START_DATE, END_DATE, NO_OF_WORKDAY, CREATE_BY, CREATE_DATE, LASTUPDATE_BY, LASTUPDATE_DATE, ROW_VERSION) VALUES (63, '11 มี.ค. 2561 - 17 มี.ค. 2561', '2018-03-11 00:00:00', '2018-03-17 00:00:00', '5', NULL, NULL, NULL, NULL, 1);
INSERT INTO MWA_M_WEEK (ID, WEEK_TEXT, START_DATE, END_DATE, NO_OF_WORKDAY, CREATE_BY, CREATE_DATE, LASTUPDATE_BY, LASTUPDATE_DATE, ROW_VERSION) VALUES (64, '18 มี.ค. 2561 - 24 มี.ค. 2561', '2018-03-18 00:00:00', '2018-03-24 00:00:00', '5', NULL, NULL, NULL, NULL, 1);
INSERT INTO MWA_M_WEEK (ID, WEEK_TEXT, START_DATE, END_DATE, NO_OF_WORKDAY, CREATE_BY, CREATE_DATE, LASTUPDATE_BY, LASTUPDATE_DATE, ROW_VERSION) VALUES (65, '25 มี.ค. 2561 - 31 มี.ค. 2561', '2018-03-25 00:00:00', '2018-03-31 00:00:00', '5', NULL, NULL, NULL, NULL, 1);
INSERT INTO MWA_M_WEEK (ID, WEEK_TEXT, START_DATE, END_DATE, NO_OF_WORKDAY, CREATE_BY, CREATE_DATE, LASTUPDATE_BY, LASTUPDATE_DATE, ROW_VERSION) VALUES (66, '1 เม.ย. 2561 - 7 เม.ย. 2561', '2018-04-01 00:00:00', '2018-04-07 00:00:00', '5', NULL, NULL, NULL, NULL, 1);
INSERT INTO MWA_M_WEEK (ID, WEEK_TEXT, START_DATE, END_DATE, NO_OF_WORKDAY, CREATE_BY, CREATE_DATE, LASTUPDATE_BY, LASTUPDATE_DATE, ROW_VERSION) VALUES (67, '8 เม.ย. 2561 - 14 เม.ย. 2561', '2018-04-08 00:00:00', '2018-04-14 00:00:00', '5', NULL, NULL, NULL, NULL, 1);
INSERT INTO MWA_M_WEEK (ID, WEEK_TEXT, START_DATE, END_DATE, NO_OF_WORKDAY, CREATE_BY, CREATE_DATE, LASTUPDATE_BY, LASTUPDATE_DATE, ROW_VERSION) VALUES (68, '15 เม.ย. 2561 - 21 เม.ย. 2561', '2018-04-15 00:00:00', '2018-04-21 00:00:00', '5', NULL, NULL, NULL, NULL, 1);
INSERT INTO MWA_M_WEEK (ID, WEEK_TEXT, START_DATE, END_DATE, NO_OF_WORKDAY, CREATE_BY, CREATE_DATE, LASTUPDATE_BY, LASTUPDATE_DATE, ROW_VERSION) VALUES (69, '22 เม.ย. 2561 - 28 เม.ย. 2561', '2018-04-22 00:00:00', '2018-04-28 00:00:00', '5', NULL, NULL, NULL, NULL, 1);
INSERT INTO MWA_M_WEEK (ID, WEEK_TEXT, START_DATE, END_DATE, NO_OF_WORKDAY, CREATE_BY, CREATE_DATE, LASTUPDATE_BY, LASTUPDATE_DATE, ROW_VERSION) VALUES (70, '29 เม.ย. 2561 - 5 พ.ค. 2561', '2018-04-29 00:00:00', '2018-05-05 00:00:00', '5', NULL, NULL, NULL, NULL, 1);
INSERT INTO MWA_M_WEEK (ID, WEEK_TEXT, START_DATE, END_DATE, NO_OF_WORKDAY, CREATE_BY, CREATE_DATE, LASTUPDATE_BY, LASTUPDATE_DATE, ROW_VERSION) VALUES (71, '6 พ.ค. 2561 - 12 พ.ค. 2561', '2018-05-06 00:00:00', '2018-05-12 00:00:00', '5', NULL, NULL, NULL, NULL, 1);
INSERT INTO MWA_M_WEEK (ID, WEEK_TEXT, START_DATE, END_DATE, NO_OF_WORKDAY, CREATE_BY, CREATE_DATE, LASTUPDATE_BY, LASTUPDATE_DATE, ROW_VERSION) VALUES (72, '13 พ.ค. 2561 - 19 พ.ค. 2561', '2018-05-13 00:00:00', '2018-05-19 00:00:00', '5', NULL, NULL, NULL, NULL, 1);
INSERT INTO MWA_M_WEEK (ID, WEEK_TEXT, START_DATE, END_DATE, NO_OF_WORKDAY, CREATE_BY, CREATE_DATE, LASTUPDATE_BY, LASTUPDATE_DATE, ROW_VERSION) VALUES (73, '20 พ.ค. 2561 - 26 พ.ค. 2561', '2018-05-20 00:00:00', '2018-05-26 00:00:00', '5', NULL, NULL, NULL, NULL, 1);
INSERT INTO MWA_M_WEEK (ID, WEEK_TEXT, START_DATE, END_DATE, NO_OF_WORKDAY, CREATE_BY, CREATE_DATE, LASTUPDATE_BY, LASTUPDATE_DATE, ROW_VERSION) VALUES (74, '27 พ.ค. 2561 - 2 มิ.ย. 2561', '2018-05-27 00:00:00', '2018-06-02 00:00:00', '5', NULL, NULL, NULL, NULL, 1);
INSERT INTO MWA_M_WEEK (ID, WEEK_TEXT, START_DATE, END_DATE, NO_OF_WORKDAY, CREATE_BY, CREATE_DATE, LASTUPDATE_BY, LASTUPDATE_DATE, ROW_VERSION) VALUES (75, '3 มิ.ย. 2561 - 9 มิ.ย. 2561', '2018-06-03 00:00:00', '2018-06-09 00:00:00', '5', NULL, NULL, NULL, NULL, 1);
INSERT INTO MWA_M_WEEK (ID, WEEK_TEXT, START_DATE, END_DATE, NO_OF_WORKDAY, CREATE_BY, CREATE_DATE, LASTUPDATE_BY, LASTUPDATE_DATE, ROW_VERSION) VALUES (76, '10 มิ.ย. 2561 - 16 มิ.ย. 2561', '2018-06-10 00:00:00', '2018-06-16 00:00:00', '5', NULL, NULL, NULL, NULL, 1);
INSERT INTO MWA_M_WEEK (ID, WEEK_TEXT, START_DATE, END_DATE, NO_OF_WORKDAY, CREATE_BY, CREATE_DATE, LASTUPDATE_BY, LASTUPDATE_DATE, ROW_VERSION) VALUES (77, '17 มิ.ย. 2561 - 23 มิ.ย. 2561', '2018-06-17 00:00:00', '2018-06-23 00:00:00', '5', NULL, NULL, NULL, NULL, 1);
INSERT INTO MWA_M_WEEK (ID, WEEK_TEXT, START_DATE, END_DATE, NO_OF_WORKDAY, CREATE_BY, CREATE_DATE, LASTUPDATE_BY, LASTUPDATE_DATE, ROW_VERSION) VALUES (78, '24 มิ.ย. 2561 - 30 มิ.ย. 2561', '2018-06-24 00:00:00', '2018-06-30 00:00:00', '5', NULL, NULL, NULL, NULL, 1);
INSERT INTO MWA_M_WEEK (ID, WEEK_TEXT, START_DATE, END_DATE, NO_OF_WORKDAY, CREATE_BY, CREATE_DATE, LASTUPDATE_BY, LASTUPDATE_DATE, ROW_VERSION) VALUES (79, '1 ก.ค. 2561 - 7 ก.ค. 2561', '2018-07-01 00:00:00', '2018-07-07 00:00:00', '5', NULL, NULL, NULL, NULL, 1);
INSERT INTO MWA_M_WEEK (ID, WEEK_TEXT, START_DATE, END_DATE, NO_OF_WORKDAY, CREATE_BY, CREATE_DATE, LASTUPDATE_BY, LASTUPDATE_DATE, ROW_VERSION) VALUES (80, '8 ก.ค. 2561 - 14 ก.ค. 2561', '2018-07-08 00:00:00', '2018-07-14 00:00:00', '5', NULL, NULL, NULL, NULL, 1);
INSERT INTO MWA_M_WEEK (ID, WEEK_TEXT, START_DATE, END_DATE, NO_OF_WORKDAY, CREATE_BY, CREATE_DATE, LASTUPDATE_BY, LASTUPDATE_DATE, ROW_VERSION) VALUES (81, '15 ก.ค. 2561 - 21 ก.ค. 2561', '2018-07-15 00:00:00', '2018-07-21 00:00:00', '5', NULL, NULL, NULL, NULL, 1);
INSERT INTO MWA_M_WEEK (ID, WEEK_TEXT, START_DATE, END_DATE, NO_OF_WORKDAY, CREATE_BY, CREATE_DATE, LASTUPDATE_BY, LASTUPDATE_DATE, ROW_VERSION) VALUES (82, '22 ก.ค. 2561 - 28 ก.ค. 2561', '2018-07-22 00:00:00', '2018-07-28 00:00:00', '5', NULL, NULL, NULL, NULL, 1);
INSERT INTO MWA_M_WEEK (ID, WEEK_TEXT, START_DATE, END_DATE, NO_OF_WORKDAY, CREATE_BY, CREATE_DATE, LASTUPDATE_BY, LASTUPDATE_DATE, ROW_VERSION) VALUES (83, '29 ก.ค. 2561 - 4 ส.ค. 2561', '2018-07-29 00:00:00', '2018-08-04 00:00:00', '5', NULL, NULL, NULL, NULL, 1);
INSERT INTO MWA_M_WEEK (ID, WEEK_TEXT, START_DATE, END_DATE, NO_OF_WORKDAY, CREATE_BY, CREATE_DATE, LASTUPDATE_BY, LASTUPDATE_DATE, ROW_VERSION) VALUES (84, '5 ส.ค. 2561 - 11 ส.ค. 2561', '2018-08-05 00:00:00', '2018-08-11 00:00:00', '5', NULL, NULL, NULL, NULL, 1);
INSERT INTO MWA_M_WEEK (ID, WEEK_TEXT, START_DATE, END_DATE, NO_OF_WORKDAY, CREATE_BY, CREATE_DATE, LASTUPDATE_BY, LASTUPDATE_DATE, ROW_VERSION) VALUES (85, '12 ส.ค. 2561 - 18 ส.ค. 2561', '2018-08-12 00:00:00', '2018-08-18 00:00:00', '5', NULL, NULL, NULL, NULL, 1);
INSERT INTO MWA_M_WEEK (ID, WEEK_TEXT, START_DATE, END_DATE, NO_OF_WORKDAY, CREATE_BY, CREATE_DATE, LASTUPDATE_BY, LASTUPDATE_DATE, ROW_VERSION) VALUES (86, '19 ส.ค. 2561 - 25 ส.ค. 2561', '2018-08-19 00:00:00', '2018-08-25 00:00:00', '5', NULL, NULL, NULL, NULL, 1);
INSERT INTO MWA_M_WEEK (ID, WEEK_TEXT, START_DATE, END_DATE, NO_OF_WORKDAY, CREATE_BY, CREATE_DATE, LASTUPDATE_BY, LASTUPDATE_DATE, ROW_VERSION) VALUES (87, '26 ส.ค. 2561 - 1 ก.ย. 2561', '2018-08-26 00:00:00', '2018-09-01 00:00:00', '5', NULL, NULL, NULL, NULL, 1);
INSERT INTO MWA_M_WEEK (ID, WEEK_TEXT, START_DATE, END_DATE, NO_OF_WORKDAY, CREATE_BY, CREATE_DATE, LASTUPDATE_BY, LASTUPDATE_DATE, ROW_VERSION) VALUES (88, '2 ก.ย. 2561 - 8 ก.ย. 2561', '2018-09-02 00:00:00', '2018-09-08 00:00:00', '5', NULL, NULL, NULL, NULL, 1);
INSERT INTO MWA_M_WEEK (ID, WEEK_TEXT, START_DATE, END_DATE, NO_OF_WORKDAY, CREATE_BY, CREATE_DATE, LASTUPDATE_BY, LASTUPDATE_DATE, ROW_VERSION) VALUES (89, '9 ก.ย. 2561 - 15 ก.ย. 2561', '2018-09-09 00:00:00', '2018-09-15 00:00:00', '5', NULL, NULL, NULL, NULL, 1);
INSERT INTO MWA_M_WEEK (ID, WEEK_TEXT, START_DATE, END_DATE, NO_OF_WORKDAY, CREATE_BY, CREATE_DATE, LASTUPDATE_BY, LASTUPDATE_DATE, ROW_VERSION) VALUES (90, '16 ก.ย. 2561 - 22 ก.ย. 2561', '2018-09-16 00:00:00', '2018-09-22 00:00:00', '5', NULL, NULL, NULL, NULL, 1);
INSERT INTO MWA_M_WEEK (ID, WEEK_TEXT, START_DATE, END_DATE, NO_OF_WORKDAY, CREATE_BY, CREATE_DATE, LASTUPDATE_BY, LASTUPDATE_DATE, ROW_VERSION) VALUES (91, '23 ก.ย. 2561 - 29 ก.ย. 2561', '2018-09-23 00:00:00', '2018-09-29 00:00:00', '5', NULL, NULL, NULL, NULL, 1);
INSERT INTO MWA_M_WEEK (ID, WEEK_TEXT, START_DATE, END_DATE, NO_OF_WORKDAY, CREATE_BY, CREATE_DATE, LASTUPDATE_BY, LASTUPDATE_DATE, ROW_VERSION) VALUES (92, '30 ก.ย. 2561 - 6 ต.ค. 2561', '2018-09-30 00:00:00', '2018-10-06 00:00:00', '5', NULL, NULL, NULL, NULL, 1);
INSERT INTO MWA_M_WEEK (ID, WEEK_TEXT, START_DATE, END_DATE, NO_OF_WORKDAY, CREATE_BY, CREATE_DATE, LASTUPDATE_BY, LASTUPDATE_DATE, ROW_VERSION) VALUES (93, '7 ต.ค. 2561 - 13 ต.ค. 2561', '2018-10-07 00:00:00', '2018-10-13 00:00:00', '5', NULL, NULL, NULL, NULL, 1);
INSERT INTO MWA_M_WEEK (ID, WEEK_TEXT, START_DATE, END_DATE, NO_OF_WORKDAY, CREATE_BY, CREATE_DATE, LASTUPDATE_BY, LASTUPDATE_DATE, ROW_VERSION) VALUES (94, '14 ต.ค. 2561 - 20 ต.ค. 2561', '2018-10-14 00:00:00', '2018-10-20 00:00:00', '5', NULL, NULL, NULL, NULL, 1);
INSERT INTO MWA_M_WEEK (ID, WEEK_TEXT, START_DATE, END_DATE, NO_OF_WORKDAY, CREATE_BY, CREATE_DATE, LASTUPDATE_BY, LASTUPDATE_DATE, ROW_VERSION) VALUES (95, '21 ต.ค. 2561 - 27 ต.ค. 2561', '2018-10-21 00:00:00', '2018-10-27 00:00:00', '5', NULL, NULL, NULL, NULL, 1);
INSERT INTO MWA_M_WEEK (ID, WEEK_TEXT, START_DATE, END_DATE, NO_OF_WORKDAY, CREATE_BY, CREATE_DATE, LASTUPDATE_BY, LASTUPDATE_DATE, ROW_VERSION) VALUES (96, '28 ต.ค. 2561 - 3 พ.ย. 2561', '2018-10-28 00:00:00', '2018-11-03 00:00:00', '5', NULL, NULL, NULL, NULL, 1);
INSERT INTO MWA_M_WEEK (ID, WEEK_TEXT, START_DATE, END_DATE, NO_OF_WORKDAY, CREATE_BY, CREATE_DATE, LASTUPDATE_BY, LASTUPDATE_DATE, ROW_VERSION) VALUES (97, '4 พ.ย. 2561 - 10 พ.ย. 2561', '2018-11-04 00:00:00', '2018-11-10 00:00:00', '5', NULL, NULL, NULL, NULL, 1);
INSERT INTO MWA_M_WEEK (ID, WEEK_TEXT, START_DATE, END_DATE, NO_OF_WORKDAY, CREATE_BY, CREATE_DATE, LASTUPDATE_BY, LASTUPDATE_DATE, ROW_VERSION) VALUES (98, '11 พ.ย. 2561 - 17 พ.ย. 2561', '2018-11-11 00:00:00', '2018-11-17 00:00:00', '5', NULL, NULL, NULL, NULL, 1);
INSERT INTO MWA_M_WEEK (ID, WEEK_TEXT, START_DATE, END_DATE, NO_OF_WORKDAY, CREATE_BY, CREATE_DATE, LASTUPDATE_BY, LASTUPDATE_DATE, ROW_VERSION) VALUES (99, '18 พ.ย. 2561 - 24 พ.ย. 2561', '2018-11-18 00:00:00', '2018-11-24 00:00:00', '5', NULL, NULL, NULL, NULL, 1);
INSERT INTO MWA_M_WEEK (ID, WEEK_TEXT, START_DATE, END_DATE, NO_OF_WORKDAY, CREATE_BY, CREATE_DATE, LASTUPDATE_BY, LASTUPDATE_DATE, ROW_VERSION) VALUES (100, '25 พ.ย. 2561 - 1 ธ.ค. 2561', '2018-11-25 00:00:00', '2018-12-01 00:00:00', '5', NULL, NULL, NULL, NULL, 1);
INSERT INTO MWA_M_WEEK (ID, WEEK_TEXT, START_DATE, END_DATE, NO_OF_WORKDAY, CREATE_BY, CREATE_DATE, LASTUPDATE_BY, LASTUPDATE_DATE, ROW_VERSION) VALUES (101, '2 ธ.ค. 2561 - 8 ธ.ค. 2561', '2018-12-02 00:00:00', '2018-12-08 00:00:00', '5', NULL, NULL, NULL, NULL, 1);
INSERT INTO MWA_M_WEEK (ID, WEEK_TEXT, START_DATE, END_DATE, NO_OF_WORKDAY, CREATE_BY, CREATE_DATE, LASTUPDATE_BY, LASTUPDATE_DATE, ROW_VERSION) VALUES (102, '9 ธ.ค. 2561 - 15 ธ.ค. 2561', '2018-12-09 00:00:00', '2018-12-15 00:00:00', '5', NULL, NULL, NULL, NULL, 1);
INSERT INTO MWA_M_WEEK (ID, WEEK_TEXT, START_DATE, END_DATE, NO_OF_WORKDAY, CREATE_BY, CREATE_DATE, LASTUPDATE_BY, LASTUPDATE_DATE, ROW_VERSION) VALUES (103, '16 ธ.ค. 2561 - 22 ธ.ค. 2561', '2018-12-16 00:00:00', '2018-12-22 00:00:00', '5', NULL, NULL, NULL, NULL, 1);
INSERT INTO MWA_M_WEEK (ID, WEEK_TEXT, START_DATE, END_DATE, NO_OF_WORKDAY, CREATE_BY, CREATE_DATE, LASTUPDATE_BY, LASTUPDATE_DATE, ROW_VERSION) VALUES (104, '23 ธ.ค. 2561 - 29 ธ.ค. 2561', '2018-12-23 00:00:00', '2018-12-29 00:00:00', '5', NULL, NULL, NULL, NULL, 1);
INSERT INTO MWA_M_WEEK (ID, WEEK_TEXT, START_DATE, END_DATE, NO_OF_WORKDAY, CREATE_BY, CREATE_DATE, LASTUPDATE_BY, LASTUPDATE_DATE, ROW_VERSION) VALUES (105, '30 ธ.ค. 2561 - 5 ม.ค. 2562', '2018-12-30 00:00:00', '2019-01-05 00:00:00', '5', NULL, NULL, NULL, NULL, 1);
INSERT INTO MWA_M_WEEK (ID, WEEK_TEXT, START_DATE, END_DATE, NO_OF_WORKDAY, CREATE_BY, CREATE_DATE, LASTUPDATE_BY, LASTUPDATE_DATE, ROW_VERSION) VALUES (106, '6 ม.ค. 2562 - 12 ม.ค. 2562', '2019-01-06 00:00:00', '2019-01-12 00:00:00', '5', NULL, NULL, NULL, NULL, 1);
INSERT INTO MWA_M_WEEK (ID, WEEK_TEXT, START_DATE, END_DATE, NO_OF_WORKDAY, CREATE_BY, CREATE_DATE, LASTUPDATE_BY, LASTUPDATE_DATE, ROW_VERSION) VALUES (107, '13 ม.ค. 2562 - 19 ม.ค. 2562', '2019-01-13 00:00:00', '2019-01-19 00:00:00', '5', NULL, NULL, NULL, NULL, 1);
INSERT INTO MWA_M_WEEK (ID, WEEK_TEXT, START_DATE, END_DATE, NO_OF_WORKDAY, CREATE_BY, CREATE_DATE, LASTUPDATE_BY, LASTUPDATE_DATE, ROW_VERSION) VALUES (108, '20 ม.ค. 2562 - 26 ม.ค. 2562', '2019-01-20 00:00:00', '2019-01-26 00:00:00', '5', NULL, NULL, NULL, NULL, 1);
INSERT INTO MWA_M_WEEK (ID, WEEK_TEXT, START_DATE, END_DATE, NO_OF_WORKDAY, CREATE_BY, CREATE_DATE, LASTUPDATE_BY, LASTUPDATE_DATE, ROW_VERSION) VALUES (109, '27 ม.ค. 2562 - 2 ก.พ. 2562', '2019-01-27 00:00:00', '2019-02-02 00:00:00', '5', NULL, NULL, NULL, NULL, 1);
INSERT INTO MWA_M_WEEK (ID, WEEK_TEXT, START_DATE, END_DATE, NO_OF_WORKDAY, CREATE_BY, CREATE_DATE, LASTUPDATE_BY, LASTUPDATE_DATE, ROW_VERSION) VALUES (110, '3 ก.พ. 2562 - 9 ก.พ. 2562', '2019-02-03 00:00:00', '2019-02-09 00:00:00', '5', NULL, NULL, NULL, NULL, 1);
INSERT INTO MWA_M_WEEK (ID, WEEK_TEXT, START_DATE, END_DATE, NO_OF_WORKDAY, CREATE_BY, CREATE_DATE, LASTUPDATE_BY, LASTUPDATE_DATE, ROW_VERSION) VALUES (111, '10 ก.พ. 2562 - 16 ก.พ. 2562', '2019-02-10 00:00:00', '2019-02-16 00:00:00', '5', NULL, NULL, NULL, NULL, 1);
INSERT INTO MWA_M_WEEK (ID, WEEK_TEXT, START_DATE, END_DATE, NO_OF_WORKDAY, CREATE_BY, CREATE_DATE, LASTUPDATE_BY, LASTUPDATE_DATE, ROW_VERSION) VALUES (112, '17 ก.พ. 2562 - 23 ก.พ. 2562', '2019-02-17 00:00:00', '2019-02-23 00:00:00', '5', NULL, NULL, NULL, NULL, 1);
INSERT INTO MWA_M_WEEK (ID, WEEK_TEXT, START_DATE, END_DATE, NO_OF_WORKDAY, CREATE_BY, CREATE_DATE, LASTUPDATE_BY, LASTUPDATE_DATE, ROW_VERSION) VALUES (113, '24 ก.พ. 2562 - 2 มี.ค. 2562', '2019-02-24 00:00:00', '2019-03-02 00:00:00', '5', NULL, NULL, NULL, NULL, 1);
INSERT INTO MWA_M_WEEK (ID, WEEK_TEXT, START_DATE, END_DATE, NO_OF_WORKDAY, CREATE_BY, CREATE_DATE, LASTUPDATE_BY, LASTUPDATE_DATE, ROW_VERSION) VALUES (114, '3 มี.ค. 2562 - 9 มี.ค. 2562', '2019-03-03 00:00:00', '2019-03-09 00:00:00', '5', NULL, NULL, NULL, NULL, 1);
INSERT INTO MWA_M_WEEK (ID, WEEK_TEXT, START_DATE, END_DATE, NO_OF_WORKDAY, CREATE_BY, CREATE_DATE, LASTUPDATE_BY, LASTUPDATE_DATE, ROW_VERSION) VALUES (115, '10 มี.ค. 2562 - 16 มี.ค. 2562', '2019-03-10 00:00:00', '2019-03-16 00:00:00', '5', NULL, NULL, NULL, NULL, 1);
INSERT INTO MWA_M_WEEK (ID, WEEK_TEXT, START_DATE, END_DATE, NO_OF_WORKDAY, CREATE_BY, CREATE_DATE, LASTUPDATE_BY, LASTUPDATE_DATE, ROW_VERSION) VALUES (116, '17 มี.ค. 2562 - 23 มี.ค. 2562', '2019-03-17 00:00:00', '2019-03-23 00:00:00', '5', NULL, NULL, NULL, NULL, 1);
INSERT INTO MWA_M_WEEK (ID, WEEK_TEXT, START_DATE, END_DATE, NO_OF_WORKDAY, CREATE_BY, CREATE_DATE, LASTUPDATE_BY, LASTUPDATE_DATE, ROW_VERSION) VALUES (117, '24 มี.ค. 2562 - 30 มี.ค. 2562', '2019-03-24 00:00:00', '2019-03-30 00:00:00', '5', NULL, NULL, NULL, NULL, 1);
INSERT INTO MWA_M_WEEK (ID, WEEK_TEXT, START_DATE, END_DATE, NO_OF_WORKDAY, CREATE_BY, CREATE_DATE, LASTUPDATE_BY, LASTUPDATE_DATE, ROW_VERSION) VALUES (118, '31 มี.ค. 2562 - 6 เม.ย. 2562', '2019-03-31 00:00:00', '2019-04-06 00:00:00', '5', NULL, NULL, NULL, NULL, 1);
INSERT INTO MWA_M_WEEK (ID, WEEK_TEXT, START_DATE, END_DATE, NO_OF_WORKDAY, CREATE_BY, CREATE_DATE, LASTUPDATE_BY, LASTUPDATE_DATE, ROW_VERSION) VALUES (119, '7 เม.ย. 2562 - 13 เม.ย. 2562', '2019-04-07 00:00:00', '2019-04-13 00:00:00', '5', NULL, NULL, NULL, NULL, 1);
INSERT INTO MWA_M_WEEK (ID, WEEK_TEXT, START_DATE, END_DATE, NO_OF_WORKDAY, CREATE_BY, CREATE_DATE, LASTUPDATE_BY, LASTUPDATE_DATE, ROW_VERSION) VALUES (120, '14 เม.ย. 2562 - 20 เม.ย. 2562', '2019-04-14 00:00:00', '2019-04-20 00:00:00', '5', NULL, NULL, NULL, NULL, 1);
INSERT INTO MWA_M_WEEK (ID, WEEK_TEXT, START_DATE, END_DATE, NO_OF_WORKDAY, CREATE_BY, CREATE_DATE, LASTUPDATE_BY, LASTUPDATE_DATE, ROW_VERSION) VALUES (121, '21 เม.ย. 2562 - 27 เม.ย. 2562', '2019-04-21 00:00:00', '2019-04-27 00:00:00', '5', NULL, NULL, NULL, NULL, 1);
INSERT INTO MWA_M_WEEK (ID, WEEK_TEXT, START_DATE, END_DATE, NO_OF_WORKDAY, CREATE_BY, CREATE_DATE, LASTUPDATE_BY, LASTUPDATE_DATE, ROW_VERSION) VALUES (122, '28 เม.ย. 2562 - 4 พ.ค. 2562', '2019-04-28 00:00:00', '2019-05-04 00:00:00', '5', NULL, NULL, NULL, NULL, 1);
INSERT INTO MWA_M_WEEK (ID, WEEK_TEXT, START_DATE, END_DATE, NO_OF_WORKDAY, CREATE_BY, CREATE_DATE, LASTUPDATE_BY, LASTUPDATE_DATE, ROW_VERSION) VALUES (123, '5 พ.ค. 2562 - 11 พ.ค. 2562', '2019-05-05 00:00:00', '2019-05-11 00:00:00', '5', NULL, NULL, NULL, NULL, 1);
INSERT INTO MWA_M_WEEK (ID, WEEK_TEXT, START_DATE, END_DATE, NO_OF_WORKDAY, CREATE_BY, CREATE_DATE, LASTUPDATE_BY, LASTUPDATE_DATE, ROW_VERSION) VALUES (124, '12 พ.ค. 2562 - 18 พ.ค. 2562', '2019-05-12 00:00:00', '2019-05-18 00:00:00', '5', NULL, NULL, NULL, NULL, 1);
INSERT INTO MWA_M_WEEK (ID, WEEK_TEXT, START_DATE, END_DATE, NO_OF_WORKDAY, CREATE_BY, CREATE_DATE, LASTUPDATE_BY, LASTUPDATE_DATE, ROW_VERSION) VALUES (125, '19 พ.ค. 2562 - 25 พ.ค. 2562', '2019-05-19 00:00:00', '2019-05-25 00:00:00', '5', NULL, NULL, NULL, NULL, 1);
INSERT INTO MWA_M_WEEK (ID, WEEK_TEXT, START_DATE, END_DATE, NO_OF_WORKDAY, CREATE_BY, CREATE_DATE, LASTUPDATE_BY, LASTUPDATE_DATE, ROW_VERSION) VALUES (126, '26 พ.ค. 2562 - 1 มิ.ย. 2562', '2019-05-26 00:00:00', '2019-06-01 00:00:00', '5', NULL, NULL, NULL, NULL, 1);
INSERT INTO MWA_M_WEEK (ID, WEEK_TEXT, START_DATE, END_DATE, NO_OF_WORKDAY, CREATE_BY, CREATE_DATE, LASTUPDATE_BY, LASTUPDATE_DATE, ROW_VERSION) VALUES (127, '2 มิ.ย. 2562 - 8 มิ.ย. 2562', '2019-06-02 00:00:00', '2019-06-08 00:00:00', '5', NULL, NULL, NULL, NULL, 1);
INSERT INTO MWA_M_WEEK (ID, WEEK_TEXT, START_DATE, END_DATE, NO_OF_WORKDAY, CREATE_BY, CREATE_DATE, LASTUPDATE_BY, LASTUPDATE_DATE, ROW_VERSION) VALUES (128, '9 มิ.ย. 2562 - 15 มิ.ย. 2562', '2019-06-09 00:00:00', '2019-06-15 00:00:00', '5', NULL, NULL, NULL, NULL, 1);
INSERT INTO MWA_M_WEEK (ID, WEEK_TEXT, START_DATE, END_DATE, NO_OF_WORKDAY, CREATE_BY, CREATE_DATE, LASTUPDATE_BY, LASTUPDATE_DATE, ROW_VERSION) VALUES (129, '16 มิ.ย. 2562 - 22 มิ.ย. 2562', '2019-06-16 00:00:00', '2019-06-22 00:00:00', '5', NULL, NULL, NULL, NULL, 1);
INSERT INTO MWA_M_WEEK (ID, WEEK_TEXT, START_DATE, END_DATE, NO_OF_WORKDAY, CREATE_BY, CREATE_DATE, LASTUPDATE_BY, LASTUPDATE_DATE, ROW_VERSION) VALUES (130, '23 มิ.ย. 2562 - 29 มิ.ย. 2562', '2019-06-23 00:00:00', '2019-06-29 00:00:00', '5', NULL, NULL, NULL, NULL, 1);
INSERT INTO MWA_M_WEEK (ID, WEEK_TEXT, START_DATE, END_DATE, NO_OF_WORKDAY, CREATE_BY, CREATE_DATE, LASTUPDATE_BY, LASTUPDATE_DATE, ROW_VERSION) VALUES (131, '30 มิ.ย. 2562 - 6 ก.ค. 2562', '2019-06-30 00:00:00', '2019-07-06 00:00:00', '5', NULL, NULL, NULL, NULL, 1);
INSERT INTO MWA_M_WEEK (ID, WEEK_TEXT, START_DATE, END_DATE, NO_OF_WORKDAY, CREATE_BY, CREATE_DATE, LASTUPDATE_BY, LASTUPDATE_DATE, ROW_VERSION) VALUES (132, '7 ก.ค. 2562 - 13 ก.ค. 2562', '2019-07-07 00:00:00', '2019-07-13 00:00:00', '5', NULL, NULL, NULL, NULL, 1);
INSERT INTO MWA_M_WEEK (ID, WEEK_TEXT, START_DATE, END_DATE, NO_OF_WORKDAY, CREATE_BY, CREATE_DATE, LASTUPDATE_BY, LASTUPDATE_DATE, ROW_VERSION) VALUES (133, '14 ก.ค. 2562 - 20 ก.ค. 2562', '2019-07-14 00:00:00', '2019-07-20 00:00:00', '5', NULL, NULL, NULL, NULL, 1);
INSERT INTO MWA_M_WEEK (ID, WEEK_TEXT, START_DATE, END_DATE, NO_OF_WORKDAY, CREATE_BY, CREATE_DATE, LASTUPDATE_BY, LASTUPDATE_DATE, ROW_VERSION) VALUES (134, '21 ก.ค. 2562 - 27 ก.ค. 2562', '2019-07-21 00:00:00', '2019-07-27 00:00:00', '5', NULL, NULL, NULL, NULL, 1);
INSERT INTO MWA_M_WEEK (ID, WEEK_TEXT, START_DATE, END_DATE, NO_OF_WORKDAY, CREATE_BY, CREATE_DATE, LASTUPDATE_BY, LASTUPDATE_DATE, ROW_VERSION) VALUES (135, '28 ก.ค. 2562 - 3 ส.ค. 2562', '2019-07-28 00:00:00', '2019-08-03 00:00:00', '5', NULL, NULL, NULL, NULL, 1);
INSERT INTO MWA_M_WEEK (ID, WEEK_TEXT, START_DATE, END_DATE, NO_OF_WORKDAY, CREATE_BY, CREATE_DATE, LASTUPDATE_BY, LASTUPDATE_DATE, ROW_VERSION) VALUES (136, '4 ส.ค. 2562 - 10 ส.ค. 2562', '2019-08-04 00:00:00', '2019-08-10 00:00:00', '5', NULL, NULL, NULL, NULL, 1);
INSERT INTO MWA_M_WEEK (ID, WEEK_TEXT, START_DATE, END_DATE, NO_OF_WORKDAY, CREATE_BY, CREATE_DATE, LASTUPDATE_BY, LASTUPDATE_DATE, ROW_VERSION) VALUES (137, '11 ส.ค. 2562 - 17 ส.ค. 2562', '2019-08-11 00:00:00', '2019-08-17 00:00:00', '5', NULL, NULL, NULL, NULL, 1);
INSERT INTO MWA_M_WEEK (ID, WEEK_TEXT, START_DATE, END_DATE, NO_OF_WORKDAY, CREATE_BY, CREATE_DATE, LASTUPDATE_BY, LASTUPDATE_DATE, ROW_VERSION) VALUES (138, '18 ส.ค. 2562 - 24 ส.ค. 2562', '2019-08-18 00:00:00', '2019-08-24 00:00:00', '5', NULL, NULL, NULL, NULL, 1);
INSERT INTO MWA_M_WEEK (ID, WEEK_TEXT, START_DATE, END_DATE, NO_OF_WORKDAY, CREATE_BY, CREATE_DATE, LASTUPDATE_BY, LASTUPDATE_DATE, ROW_VERSION) VALUES (139, '25 ส.ค. 2562 - 31 ส.ค. 2562', '2019-08-25 00:00:00', '2019-08-31 00:00:00', '5', NULL, NULL, NULL, NULL, 1);
INSERT INTO MWA_M_WEEK (ID, WEEK_TEXT, START_DATE, END_DATE, NO_OF_WORKDAY, CREATE_BY, CREATE_DATE, LASTUPDATE_BY, LASTUPDATE_DATE, ROW_VERSION) VALUES (140, '1 ก.ย. 2562 - 7 ก.ย. 2562', '2019-09-01 00:00:00', '2019-09-07 00:00:00', '5', NULL, NULL, NULL, NULL, 1);
INSERT INTO MWA_M_WEEK (ID, WEEK_TEXT, START_DATE, END_DATE, NO_OF_WORKDAY, CREATE_BY, CREATE_DATE, LASTUPDATE_BY, LASTUPDATE_DATE, ROW_VERSION) VALUES (141, '8 ก.ย. 2562 - 14 ก.ย. 2562', '2019-09-08 00:00:00', '2019-09-14 00:00:00', '5', NULL, NULL, NULL, NULL, 1);
INSERT INTO MWA_M_WEEK (ID, WEEK_TEXT, START_DATE, END_DATE, NO_OF_WORKDAY, CREATE_BY, CREATE_DATE, LASTUPDATE_BY, LASTUPDATE_DATE, ROW_VERSION) VALUES (142, '15 ก.ย. 2562 - 21 ก.ย. 2562', '2019-09-15 00:00:00', '2019-09-21 00:00:00', '5', NULL, NULL, NULL, NULL, 1);
INSERT INTO MWA_M_WEEK (ID, WEEK_TEXT, START_DATE, END_DATE, NO_OF_WORKDAY, CREATE_BY, CREATE_DATE, LASTUPDATE_BY, LASTUPDATE_DATE, ROW_VERSION) VALUES (143, '22 ก.ย. 2562 - 28 ก.ย. 2562', '2019-09-22 00:00:00', '2019-09-28 00:00:00', '5', NULL, NULL, NULL, NULL, 1);
INSERT INTO MWA_M_WEEK (ID, WEEK_TEXT, START_DATE, END_DATE, NO_OF_WORKDAY, CREATE_BY, CREATE_DATE, LASTUPDATE_BY, LASTUPDATE_DATE, ROW_VERSION) VALUES (144, '29 ก.ย. 2562 - 5 ต.ค. 2562', '2019-09-29 00:00:00', '2019-10-05 00:00:00', '5', NULL, NULL, NULL, NULL, 1);
INSERT INTO MWA_M_WEEK (ID, WEEK_TEXT, START_DATE, END_DATE, NO_OF_WORKDAY, CREATE_BY, CREATE_DATE, LASTUPDATE_BY, LASTUPDATE_DATE, ROW_VERSION) VALUES (145, '6 ต.ค. 2562 - 12 ต.ค. 2562', '2019-10-06 00:00:00', '2019-10-12 00:00:00', '5', NULL, NULL, NULL, NULL, 1);
INSERT INTO MWA_M_WEEK (ID, WEEK_TEXT, START_DATE, END_DATE, NO_OF_WORKDAY, CREATE_BY, CREATE_DATE, LASTUPDATE_BY, LASTUPDATE_DATE, ROW_VERSION) VALUES (146, '13 ต.ค. 2562 - 19 ต.ค. 2562', '2019-10-13 00:00:00', '2019-10-19 00:00:00', '5', NULL, NULL, NULL, NULL, 1);
INSERT INTO MWA_M_WEEK (ID, WEEK_TEXT, START_DATE, END_DATE, NO_OF_WORKDAY, CREATE_BY, CREATE_DATE, LASTUPDATE_BY, LASTUPDATE_DATE, ROW_VERSION) VALUES (147, '20 ต.ค. 2562 - 26 ต.ค. 2562', '2019-10-20 00:00:00', '2019-10-26 00:00:00', '5', NULL, NULL, NULL, NULL, 1);
INSERT INTO MWA_M_WEEK (ID, WEEK_TEXT, START_DATE, END_DATE, NO_OF_WORKDAY, CREATE_BY, CREATE_DATE, LASTUPDATE_BY, LASTUPDATE_DATE, ROW_VERSION) VALUES (148, '27 ต.ค. 2562 - 2 พ.ย. 2562', '2019-10-27 00:00:00', '2019-11-02 00:00:00', '5', NULL, NULL, NULL, NULL, 1);
INSERT INTO MWA_M_WEEK (ID, WEEK_TEXT, START_DATE, END_DATE, NO_OF_WORKDAY, CREATE_BY, CREATE_DATE, LASTUPDATE_BY, LASTUPDATE_DATE, ROW_VERSION) VALUES (149, '3 พ.ย. 2562 - 9 พ.ย. 2562', '2019-11-03 00:00:00', '2019-11-09 00:00:00', '5', NULL, NULL, NULL, NULL, 1);
INSERT INTO MWA_M_WEEK (ID, WEEK_TEXT, START_DATE, END_DATE, NO_OF_WORKDAY, CREATE_BY, CREATE_DATE, LASTUPDATE_BY, LASTUPDATE_DATE, ROW_VERSION) VALUES (150, '10 พ.ย. 2562 - 16 พ.ย. 2562', '2019-11-10 00:00:00', '2019-11-16 00:00:00', '5', NULL, NULL, NULL, NULL, 1);
INSERT INTO MWA_M_WEEK (ID, WEEK_TEXT, START_DATE, END_DATE, NO_OF_WORKDAY, CREATE_BY, CREATE_DATE, LASTUPDATE_BY, LASTUPDATE_DATE, ROW_VERSION) VALUES (151, '17 พ.ย. 2562 - 23 พ.ย. 2562', '2019-11-17 00:00:00', '2019-11-23 00:00:00', '5', NULL, NULL, NULL, NULL, 1);
INSERT INTO MWA_M_WEEK (ID, WEEK_TEXT, START_DATE, END_DATE, NO_OF_WORKDAY, CREATE_BY, CREATE_DATE, LASTUPDATE_BY, LASTUPDATE_DATE, ROW_VERSION) VALUES (152, '24 พ.ย. 2562 - 30 พ.ย. 2562', '2019-11-24 00:00:00', '2019-11-30 00:00:00', '5', NULL, NULL, NULL, NULL, 1);
INSERT INTO MWA_M_WEEK (ID, WEEK_TEXT, START_DATE, END_DATE, NO_OF_WORKDAY, CREATE_BY, CREATE_DATE, LASTUPDATE_BY, LASTUPDATE_DATE, ROW_VERSION) VALUES (153, '1 ธ.ค. 2562 - 7 ธ.ค. 2562', '2019-12-01 00:00:00', '2019-12-07 00:00:00', '5', NULL, NULL, NULL, NULL, 1);
INSERT INTO MWA_M_WEEK (ID, WEEK_TEXT, START_DATE, END_DATE, NO_OF_WORKDAY, CREATE_BY, CREATE_DATE, LASTUPDATE_BY, LASTUPDATE_DATE, ROW_VERSION) VALUES (154, '8 ธ.ค. 2562 - 14 ธ.ค. 2562', '2019-12-08 00:00:00', '2019-12-14 00:00:00', '5', NULL, NULL, NULL, NULL, 1);
INSERT INTO MWA_M_WEEK (ID, WEEK_TEXT, START_DATE, END_DATE, NO_OF_WORKDAY, CREATE_BY, CREATE_DATE, LASTUPDATE_BY, LASTUPDATE_DATE, ROW_VERSION) VALUES (155, '15 ธ.ค. 2562 - 21 ธ.ค. 2562', '2019-12-15 00:00:00', '2019-12-21 00:00:00', '5', NULL, NULL, NULL, NULL, 1);
INSERT INTO MWA_M_WEEK (ID, WEEK_TEXT, START_DATE, END_DATE, NO_OF_WORKDAY, CREATE_BY, CREATE_DATE, LASTUPDATE_BY, LASTUPDATE_DATE, ROW_VERSION) VALUES (156, '22 ธ.ค. 2562 - 28 ธ.ค. 2562', '2019-12-22 00:00:00', '2019-12-28 00:00:00', '5', NULL, NULL, NULL, NULL, 1);
INSERT INTO MWA_M_WEEK (ID, WEEK_TEXT, START_DATE, END_DATE, NO_OF_WORKDAY, CREATE_BY, CREATE_DATE, LASTUPDATE_BY, LASTUPDATE_DATE, ROW_VERSION) VALUES (157, '29 ธ.ค. 2562 - 4 ม.ค. 2563', '2019-12-29 00:00:00', '2020-01-04 00:00:00', '5', NULL, NULL, NULL, NULL, 1);
INSERT INTO MWA_M_WEEK (ID, WEEK_TEXT, START_DATE, END_DATE, NO_OF_WORKDAY, CREATE_BY, CREATE_DATE, LASTUPDATE_BY, LASTUPDATE_DATE, ROW_VERSION) VALUES (158, '5 ม.ค. 2563 - 11 ม.ค. 2563', '2020-01-05 00:00:00', '2020-01-11 00:00:00', '5', NULL, NULL, NULL, NULL, 1);
INSERT INTO MWA_M_WEEK (ID, WEEK_TEXT, START_DATE, END_DATE, NO_OF_WORKDAY, CREATE_BY, CREATE_DATE, LASTUPDATE_BY, LASTUPDATE_DATE, ROW_VERSION) VALUES (159, '12 ม.ค. 2563 - 18 ม.ค. 2563', '2020-01-12 00:00:00', '2020-01-18 00:00:00', '5', NULL, NULL, NULL, NULL, 1);
INSERT INTO MWA_M_WEEK (ID, WEEK_TEXT, START_DATE, END_DATE, NO_OF_WORKDAY, CREATE_BY, CREATE_DATE, LASTUPDATE_BY, LASTUPDATE_DATE, ROW_VERSION) VALUES (160, '19 ม.ค. 2563 - 25 ม.ค. 2563', '2020-01-19 00:00:00', '2020-01-25 00:00:00', '5', NULL, NULL, NULL, NULL, 1);
INSERT INTO MWA_M_WEEK (ID, WEEK_TEXT, START_DATE, END_DATE, NO_OF_WORKDAY, CREATE_BY, CREATE_DATE, LASTUPDATE_BY, LASTUPDATE_DATE, ROW_VERSION) VALUES (161, '26 ม.ค. 2563 - 1 ก.พ. 2563', '2020-01-26 00:00:00', '2020-02-01 00:00:00', '5', NULL, NULL, NULL, NULL, 1);
INSERT INTO MWA_M_WEEK (ID, WEEK_TEXT, START_DATE, END_DATE, NO_OF_WORKDAY, CREATE_BY, CREATE_DATE, LASTUPDATE_BY, LASTUPDATE_DATE, ROW_VERSION) VALUES (162, '2 ก.พ. 2563 - 8 ก.พ. 2563', '2020-02-02 00:00:00', '2020-02-08 00:00:00', '5', NULL, NULL, NULL, NULL, 1);
INSERT INTO MWA_M_WEEK (ID, WEEK_TEXT, START_DATE, END_DATE, NO_OF_WORKDAY, CREATE_BY, CREATE_DATE, LASTUPDATE_BY, LASTUPDATE_DATE, ROW_VERSION) VALUES (163, '9 ก.พ. 2563 - 15 ก.พ. 2563', '2020-02-09 00:00:00', '2020-02-15 00:00:00', '5', NULL, NULL, NULL, NULL, 1);
INSERT INTO MWA_M_WEEK (ID, WEEK_TEXT, START_DATE, END_DATE, NO_OF_WORKDAY, CREATE_BY, CREATE_DATE, LASTUPDATE_BY, LASTUPDATE_DATE, ROW_VERSION) VALUES (164, '16 ก.พ. 2563 - 22 ก.พ. 2563', '2020-02-16 00:00:00', '2020-02-22 00:00:00', '5', NULL, NULL, NULL, NULL, 1);
INSERT INTO MWA_M_WEEK (ID, WEEK_TEXT, START_DATE, END_DATE, NO_OF_WORKDAY, CREATE_BY, CREATE_DATE, LASTUPDATE_BY, LASTUPDATE_DATE, ROW_VERSION) VALUES (165, '23 ก.พ. 2563 - 29 ก.พ. 2563', '2020-02-23 00:00:00', '2020-02-29 00:00:00', '5', NULL, NULL, NULL, NULL, 1);
INSERT INTO MWA_M_WEEK (ID, WEEK_TEXT, START_DATE, END_DATE, NO_OF_WORKDAY, CREATE_BY, CREATE_DATE, LASTUPDATE_BY, LASTUPDATE_DATE, ROW_VERSION) VALUES (166, '1 มี.ค. 2563 - 7 มี.ค. 2563', '2020-03-01 00:00:00', '2020-03-07 00:00:00', '5', NULL, NULL, NULL, NULL, 1);
INSERT INTO MWA_M_WEEK (ID, WEEK_TEXT, START_DATE, END_DATE, NO_OF_WORKDAY, CREATE_BY, CREATE_DATE, LASTUPDATE_BY, LASTUPDATE_DATE, ROW_VERSION) VALUES (167, '8 มี.ค. 2563 - 14 มี.ค. 2563', '2020-03-08 00:00:00', '2020-03-14 00:00:00', '5', NULL, NULL, NULL, NULL, 1);
INSERT INTO MWA_M_WEEK (ID, WEEK_TEXT, START_DATE, END_DATE, NO_OF_WORKDAY, CREATE_BY, CREATE_DATE, LASTUPDATE_BY, LASTUPDATE_DATE, ROW_VERSION) VALUES (168, '15 มี.ค. 2563 - 21 มี.ค. 2563', '2020-03-15 00:00:00', '2020-03-21 00:00:00', '5', NULL, NULL, NULL, NULL, 1);
INSERT INTO MWA_M_WEEK (ID, WEEK_TEXT, START_DATE, END_DATE, NO_OF_WORKDAY, CREATE_BY, CREATE_DATE, LASTUPDATE_BY, LASTUPDATE_DATE, ROW_VERSION) VALUES (169, '22 มี.ค. 2563 - 28 มี.ค. 2563', '2020-03-22 00:00:00', '2020-03-28 00:00:00', '5', NULL, NULL, NULL, NULL, 1);
INSERT INTO MWA_M_WEEK (ID, WEEK_TEXT, START_DATE, END_DATE, NO_OF_WORKDAY, CREATE_BY, CREATE_DATE, LASTUPDATE_BY, LASTUPDATE_DATE, ROW_VERSION) VALUES (170, '29 มี.ค. 2563 - 4 เม.ย. 2563', '2020-03-29 00:00:00', '2020-04-04 00:00:00', '5', NULL, NULL, NULL, NULL, 1);
INSERT INTO MWA_M_WEEK (ID, WEEK_TEXT, START_DATE, END_DATE, NO_OF_WORKDAY, CREATE_BY, CREATE_DATE, LASTUPDATE_BY, LASTUPDATE_DATE, ROW_VERSION) VALUES (171, '5 เม.ย. 2563 - 11 เม.ย. 2563', '2020-04-05 00:00:00', '2020-04-11 00:00:00', '5', NULL, NULL, NULL, NULL, 1);
INSERT INTO MWA_M_WEEK (ID, WEEK_TEXT, START_DATE, END_DATE, NO_OF_WORKDAY, CREATE_BY, CREATE_DATE, LASTUPDATE_BY, LASTUPDATE_DATE, ROW_VERSION) VALUES (172, '12 เม.ย. 2563 - 18 เม.ย. 2563', '2020-04-12 00:00:00', '2020-04-18 00:00:00', '5', NULL, NULL, NULL, NULL, 1);
INSERT INTO MWA_M_WEEK (ID, WEEK_TEXT, START_DATE, END_DATE, NO_OF_WORKDAY, CREATE_BY, CREATE_DATE, LASTUPDATE_BY, LASTUPDATE_DATE, ROW_VERSION) VALUES (173, '19 เม.ย. 2563 - 25 เม.ย. 2563', '2020-04-19 00:00:00', '2020-04-25 00:00:00', '5', NULL, NULL, NULL, NULL, 1);
INSERT INTO MWA_M_WEEK (ID, WEEK_TEXT, START_DATE, END_DATE, NO_OF_WORKDAY, CREATE_BY, CREATE_DATE, LASTUPDATE_BY, LASTUPDATE_DATE, ROW_VERSION) VALUES (174, '26 เม.ย. 2563 - 2 พ.ค. 2563', '2020-04-26 00:00:00', '2020-05-02 00:00:00', '5', NULL, NULL, NULL, NULL, 1);
INSERT INTO MWA_M_WEEK (ID, WEEK_TEXT, START_DATE, END_DATE, NO_OF_WORKDAY, CREATE_BY, CREATE_DATE, LASTUPDATE_BY, LASTUPDATE_DATE, ROW_VERSION) VALUES (175, '3 พ.ค. 2563 - 9 พ.ค. 2563', '2020-05-03 00:00:00', '2020-05-09 00:00:00', '5', NULL, NULL, NULL, NULL, 1);
INSERT INTO MWA_M_WEEK (ID, WEEK_TEXT, START_DATE, END_DATE, NO_OF_WORKDAY, CREATE_BY, CREATE_DATE, LASTUPDATE_BY, LASTUPDATE_DATE, ROW_VERSION) VALUES (176, '10 พ.ค. 2563 - 16 พ.ค. 2563', '2020-05-10 00:00:00', '2020-05-16 00:00:00', '5', NULL, NULL, NULL, NULL, 1);
INSERT INTO MWA_M_WEEK (ID, WEEK_TEXT, START_DATE, END_DATE, NO_OF_WORKDAY, CREATE_BY, CREATE_DATE, LASTUPDATE_BY, LASTUPDATE_DATE, ROW_VERSION) VALUES (177, '17 พ.ค. 2563 - 23 พ.ค. 2563', '2020-05-17 00:00:00', '2020-05-23 00:00:00', '5', NULL, NULL, NULL, NULL, 1);
INSERT INTO MWA_M_WEEK (ID, WEEK_TEXT, START_DATE, END_DATE, NO_OF_WORKDAY, CREATE_BY, CREATE_DATE, LASTUPDATE_BY, LASTUPDATE_DATE, ROW_VERSION) VALUES (178, '24 พ.ค. 2563 - 30 พ.ค. 2563', '2020-05-24 00:00:00', '2020-05-30 00:00:00', '5', NULL, NULL, NULL, NULL, 1);
INSERT INTO MWA_M_WEEK (ID, WEEK_TEXT, START_DATE, END_DATE, NO_OF_WORKDAY, CREATE_BY, CREATE_DATE, LASTUPDATE_BY, LASTUPDATE_DATE, ROW_VERSION) VALUES (179, '31 พ.ค. 2563 - 6 มิ.ย. 2563', '2020-05-31 00:00:00', '2020-06-06 00:00:00', '5', NULL, NULL, NULL, NULL, 1);
INSERT INTO MWA_M_WEEK (ID, WEEK_TEXT, START_DATE, END_DATE, NO_OF_WORKDAY, CREATE_BY, CREATE_DATE, LASTUPDATE_BY, LASTUPDATE_DATE, ROW_VERSION) VALUES (180, '7 มิ.ย. 2563 - 13 มิ.ย. 2563', '2020-06-07 00:00:00', '2020-06-13 00:00:00', '5', NULL, NULL, NULL, NULL, 1);
INSERT INTO MWA_M_WEEK (ID, WEEK_TEXT, START_DATE, END_DATE, NO_OF_WORKDAY, CREATE_BY, CREATE_DATE, LASTUPDATE_BY, LASTUPDATE_DATE, ROW_VERSION) VALUES (181, '14 มิ.ย. 2563 - 20 มิ.ย. 2563', '2020-06-14 00:00:00', '2020-06-20 00:00:00', '5', NULL, NULL, NULL, NULL, 1);
INSERT INTO MWA_M_WEEK (ID, WEEK_TEXT, START_DATE, END_DATE, NO_OF_WORKDAY, CREATE_BY, CREATE_DATE, LASTUPDATE_BY, LASTUPDATE_DATE, ROW_VERSION) VALUES (182, '21 มิ.ย. 2563 - 27 มิ.ย. 2563', '2020-06-21 00:00:00', '2020-06-27 00:00:00', '5', NULL, NULL, NULL, NULL, 1);
INSERT INTO MWA_M_WEEK (ID, WEEK_TEXT, START_DATE, END_DATE, NO_OF_WORKDAY, CREATE_BY, CREATE_DATE, LASTUPDATE_BY, LASTUPDATE_DATE, ROW_VERSION) VALUES (183, '28 มิ.ย. 2563 - 4 ก.ค. 2563', '2020-06-28 00:00:00', '2020-07-04 00:00:00', '5', NULL, NULL, NULL, NULL, 1);
INSERT INTO MWA_M_WEEK (ID, WEEK_TEXT, START_DATE, END_DATE, NO_OF_WORKDAY, CREATE_BY, CREATE_DATE, LASTUPDATE_BY, LASTUPDATE_DATE, ROW_VERSION) VALUES (184, '5 ก.ค. 2563 - 11 ก.ค. 2563', '2020-07-05 00:00:00', '2020-07-11 00:00:00', '5', NULL, NULL, NULL, NULL, 1);
INSERT INTO MWA_M_WEEK (ID, WEEK_TEXT, START_DATE, END_DATE, NO_OF_WORKDAY, CREATE_BY, CREATE_DATE, LASTUPDATE_BY, LASTUPDATE_DATE, ROW_VERSION) VALUES (185, '12 ก.ค. 2563 - 18 ก.ค. 2563', '2020-07-12 00:00:00', '2020-07-18 00:00:00', '5', NULL, NULL, NULL, NULL, 1);
INSERT INTO MWA_M_WEEK (ID, WEEK_TEXT, START_DATE, END_DATE, NO_OF_WORKDAY, CREATE_BY, CREATE_DATE, LASTUPDATE_BY, LASTUPDATE_DATE, ROW_VERSION) VALUES (186, '19 ก.ค. 2563 - 25 ก.ค. 2563', '2020-07-19 00:00:00', '2020-07-25 00:00:00', '5', NULL, NULL, NULL, NULL, 1);
INSERT INTO MWA_M_WEEK (ID, WEEK_TEXT, START_DATE, END_DATE, NO_OF_WORKDAY, CREATE_BY, CREATE_DATE, LASTUPDATE_BY, LASTUPDATE_DATE, ROW_VERSION) VALUES (187, '26 ก.ค. 2563 - 1 ส.ค. 2563', '2020-07-26 00:00:00', '2020-08-01 00:00:00', '5', NULL, NULL, NULL, NULL, 1);
INSERT INTO MWA_M_WEEK (ID, WEEK_TEXT, START_DATE, END_DATE, NO_OF_WORKDAY, CREATE_BY, CREATE_DATE, LASTUPDATE_BY, LASTUPDATE_DATE, ROW_VERSION) VALUES (188, '2 ส.ค. 2563 - 8 ส.ค. 2563', '2020-08-02 00:00:00', '2020-08-08 00:00:00', '5', NULL, NULL, NULL, NULL, 1);
INSERT INTO MWA_M_WEEK (ID, WEEK_TEXT, START_DATE, END_DATE, NO_OF_WORKDAY, CREATE_BY, CREATE_DATE, LASTUPDATE_BY, LASTUPDATE_DATE, ROW_VERSION) VALUES (189, '9 ส.ค. 2563 - 15 ส.ค. 2563', '2020-08-09 00:00:00', '2020-08-15 00:00:00', '5', NULL, NULL, NULL, NULL, 1);
INSERT INTO MWA_M_WEEK (ID, WEEK_TEXT, START_DATE, END_DATE, NO_OF_WORKDAY, CREATE_BY, CREATE_DATE, LASTUPDATE_BY, LASTUPDATE_DATE, ROW_VERSION) VALUES (190, '16 ส.ค. 2563 - 22 ส.ค. 2563', '2020-08-16 00:00:00', '2020-08-22 00:00:00', '5', NULL, NULL, NULL, NULL, 1);
INSERT INTO MWA_M_WEEK (ID, WEEK_TEXT, START_DATE, END_DATE, NO_OF_WORKDAY, CREATE_BY, CREATE_DATE, LASTUPDATE_BY, LASTUPDATE_DATE, ROW_VERSION) VALUES (191, '23 ส.ค. 2563 - 29 ส.ค. 2563', '2020-08-23 00:00:00', '2020-08-29 00:00:00', '5', NULL, NULL, NULL, NULL, 1);
INSERT INTO MWA_M_WEEK (ID, WEEK_TEXT, START_DATE, END_DATE, NO_OF_WORKDAY, CREATE_BY, CREATE_DATE, LASTUPDATE_BY, LASTUPDATE_DATE, ROW_VERSION) VALUES (192, '30 ส.ค. 2563 - 5 ก.ย. 2563', '2020-08-30 00:00:00', '2020-09-05 00:00:00', '5', NULL, NULL, NULL, NULL, 1);
INSERT INTO MWA_M_WEEK (ID, WEEK_TEXT, START_DATE, END_DATE, NO_OF_WORKDAY, CREATE_BY, CREATE_DATE, LASTUPDATE_BY, LASTUPDATE_DATE, ROW_VERSION) VALUES (193, '6 ก.ย. 2563 - 12 ก.ย. 2563', '2020-09-06 00:00:00', '2020-09-12 00:00:00', '5', NULL, NULL, NULL, NULL, 1);
INSERT INTO MWA_M_WEEK (ID, WEEK_TEXT, START_DATE, END_DATE, NO_OF_WORKDAY, CREATE_BY, CREATE_DATE, LASTUPDATE_BY, LASTUPDATE_DATE, ROW_VERSION) VALUES (194, '13 ก.ย. 2563 - 19 ก.ย. 2563', '2020-09-13 00:00:00', '2020-09-19 00:00:00', '5', NULL, NULL, NULL, NULL, 1);
INSERT INTO MWA_M_WEEK (ID, WEEK_TEXT, START_DATE, END_DATE, NO_OF_WORKDAY, CREATE_BY, CREATE_DATE, LASTUPDATE_BY, LASTUPDATE_DATE, ROW_VERSION) VALUES (195, '20 ก.ย. 2563 - 26 ก.ย. 2563', '2020-09-20 00:00:00', '2020-09-26 00:00:00', '5', NULL, NULL, NULL, NULL, 1);
INSERT INTO MWA_M_WEEK (ID, WEEK_TEXT, START_DATE, END_DATE, NO_OF_WORKDAY, CREATE_BY, CREATE_DATE, LASTUPDATE_BY, LASTUPDATE_DATE, ROW_VERSION) VALUES (196, '27 ก.ย. 2563 - 3 ต.ค. 2563', '2020-09-27 00:00:00', '2020-10-03 00:00:00', '5', NULL, NULL, NULL, NULL, 1);
INSERT INTO MWA_M_WEEK (ID, WEEK_TEXT, START_DATE, END_DATE, NO_OF_WORKDAY, CREATE_BY, CREATE_DATE, LASTUPDATE_BY, LASTUPDATE_DATE, ROW_VERSION) VALUES (197, '4 ต.ค. 2563 - 10 ต.ค. 2563', '2020-10-04 00:00:00', '2020-10-10 00:00:00', '5', NULL, NULL, NULL, NULL, 1);
INSERT INTO MWA_M_WEEK (ID, WEEK_TEXT, START_DATE, END_DATE, NO_OF_WORKDAY, CREATE_BY, CREATE_DATE, LASTUPDATE_BY, LASTUPDATE_DATE, ROW_VERSION) VALUES (198, '11 ต.ค. 2563 - 17 ต.ค. 2563', '2020-10-11 00:00:00', '2020-10-17 00:00:00', '5', NULL, NULL, NULL, NULL, 1);
INSERT INTO MWA_M_WEEK (ID, WEEK_TEXT, START_DATE, END_DATE, NO_OF_WORKDAY, CREATE_BY, CREATE_DATE, LASTUPDATE_BY, LASTUPDATE_DATE, ROW_VERSION) VALUES (199, '18 ต.ค. 2563 - 24 ต.ค. 2563', '2020-10-18 00:00:00', '2020-10-24 00:00:00', '5', NULL, NULL, NULL, NULL, 1);
INSERT INTO MWA_M_WEEK (ID, WEEK_TEXT, START_DATE, END_DATE, NO_OF_WORKDAY, CREATE_BY, CREATE_DATE, LASTUPDATE_BY, LASTUPDATE_DATE, ROW_VERSION) VALUES (200, '25 ต.ค. 2563 - 31 ต.ค. 2563', '2020-10-25 00:00:00', '2020-10-31 00:00:00', '5', NULL, NULL, NULL, NULL, 1);
INSERT INTO MWA_M_WEEK (ID, WEEK_TEXT, START_DATE, END_DATE, NO_OF_WORKDAY, CREATE_BY, CREATE_DATE, LASTUPDATE_BY, LASTUPDATE_DATE, ROW_VERSION) VALUES (201, '1 พ.ย. 2563 - 7 พ.ย. 2563', '2020-11-01 00:00:00', '2020-11-07 00:00:00', '5', NULL, NULL, NULL, NULL, 1);
INSERT INTO MWA_M_WEEK (ID, WEEK_TEXT, START_DATE, END_DATE, NO_OF_WORKDAY, CREATE_BY, CREATE_DATE, LASTUPDATE_BY, LASTUPDATE_DATE, ROW_VERSION) VALUES (202, '8 พ.ย. 2563 - 14 พ.ย. 2563', '2020-11-08 00:00:00', '2020-11-14 00:00:00', '5', NULL, NULL, NULL, NULL, 1);
INSERT INTO MWA_M_WEEK (ID, WEEK_TEXT, START_DATE, END_DATE, NO_OF_WORKDAY, CREATE_BY, CREATE_DATE, LASTUPDATE_BY, LASTUPDATE_DATE, ROW_VERSION) VALUES (203, '15 พ.ย. 2563 - 21 พ.ย. 2563', '2020-11-15 00:00:00', '2020-11-21 00:00:00', '5', NULL, NULL, NULL, NULL, 1);
INSERT INTO MWA_M_WEEK (ID, WEEK_TEXT, START_DATE, END_DATE, NO_OF_WORKDAY, CREATE_BY, CREATE_DATE, LASTUPDATE_BY, LASTUPDATE_DATE, ROW_VERSION) VALUES (204, '22 พ.ย. 2563 - 28 พ.ย. 2563', '2020-11-22 00:00:00', '2020-11-28 00:00:00', '5', NULL, NULL, NULL, NULL, 1);
INSERT INTO MWA_M_WEEK (ID, WEEK_TEXT, START_DATE, END_DATE, NO_OF_WORKDAY, CREATE_BY, CREATE_DATE, LASTUPDATE_BY, LASTUPDATE_DATE, ROW_VERSION) VALUES (205, '29 พ.ย. 2563 - 5 ธ.ค. 2563', '2020-11-29 00:00:00', '2020-12-05 00:00:00', '5', NULL, NULL, NULL, NULL, 1);
INSERT INTO MWA_M_WEEK (ID, WEEK_TEXT, START_DATE, END_DATE, NO_OF_WORKDAY, CREATE_BY, CREATE_DATE, LASTUPDATE_BY, LASTUPDATE_DATE, ROW_VERSION) VALUES (206, '6 ธ.ค. 2563 - 12 ธ.ค. 2563', '2020-12-06 00:00:00', '2020-12-12 00:00:00', '5', NULL, NULL, NULL, NULL, 1);
INSERT INTO MWA_M_WEEK (ID, WEEK_TEXT, START_DATE, END_DATE, NO_OF_WORKDAY, CREATE_BY, CREATE_DATE, LASTUPDATE_BY, LASTUPDATE_DATE, ROW_VERSION) VALUES (207, '13 ธ.ค. 2563 - 19 ธ.ค. 2563', '2020-12-13 00:00:00', '2020-12-19 00:00:00', '5', NULL, NULL, NULL, NULL, 1);
INSERT INTO MWA_M_WEEK (ID, WEEK_TEXT, START_DATE, END_DATE, NO_OF_WORKDAY, CREATE_BY, CREATE_DATE, LASTUPDATE_BY, LASTUPDATE_DATE, ROW_VERSION) VALUES (208, '20 ธ.ค. 2563 - 26 ธ.ค. 2563', '2020-12-20 00:00:00', '2020-12-26 00:00:00', '5', NULL, NULL, NULL, NULL, 1);


INSERT INTO MWA_M_PETITION (ID, BRANCH_ID, WEEK_ID, ACCOUNT_NO, PETITION_NO, PETITION_DATE, CREATE_BY, CREATE_DATE, LASTUPDATE_BY, LASTUPDATE_DATE, ROW_VERSION) VALUES (1, 1, 1, 'A2235', 'P259', '2017-01-01 00:00:00', NULL, NULL, NULL, NULL, 1);
INSERT INTO MWA_M_PETITION (ID, BRANCH_ID, WEEK_ID, ACCOUNT_NO, PETITION_NO, PETITION_DATE, CREATE_BY, CREATE_DATE, LASTUPDATE_BY, LASTUPDATE_DATE, ROW_VERSION) VALUES (2, 7, 1, 'A2165', 'P254', '2017-01-01 00:00:00', NULL, NULL, NULL, NULL, 1);
INSERT INTO MWA_M_PETITION (ID, BRANCH_ID, WEEK_ID, ACCOUNT_NO, PETITION_NO, PETITION_DATE, CREATE_BY, CREATE_DATE, LASTUPDATE_BY, LASTUPDATE_DATE, ROW_VERSION) VALUES (3, 4, 3, 'A1963', 'P252', '2017-01-01 00:00:00', NULL, NULL, NULL, NULL, 1);
INSERT INTO MWA_M_PETITION (ID, BRANCH_ID, WEEK_ID, ACCOUNT_NO, PETITION_NO, PETITION_DATE, CREATE_BY, CREATE_DATE, LASTUPDATE_BY, LASTUPDATE_DATE, ROW_VERSION) VALUES (4, 5, 2, 'A1983', 'P139', '2017-01-01 00:00:00', NULL, NULL, NULL, NULL, 1);
INSERT INTO MWA_M_PETITION (ID, BRANCH_ID, WEEK_ID, ACCOUNT_NO, PETITION_NO, PETITION_DATE, CREATE_BY, CREATE_DATE, LASTUPDATE_BY, LASTUPDATE_DATE, ROW_VERSION) VALUES (5, 12, 4, 'A6647', 'P929', '2017-01-01 00:00:00', NULL, NULL, NULL, NULL, 1);
INSERT INTO MWA_M_PETITION (ID, BRANCH_ID, WEEK_ID, ACCOUNT_NO, PETITION_NO, PETITION_DATE, CREATE_BY, CREATE_DATE, LASTUPDATE_BY, LASTUPDATE_DATE, ROW_VERSION) VALUES (6, 15, 3, 'A1034', 'P1610', '2017-01-01 00:00:00', NULL, NULL, NULL, NULL, 1);
INSERT INTO MWA_M_PETITION (ID, BRANCH_ID, WEEK_ID, ACCOUNT_NO, PETITION_NO, PETITION_DATE, CREATE_BY, CREATE_DATE, LASTUPDATE_BY, LASTUPDATE_DATE, ROW_VERSION) VALUES (7, 17, 3, 'A1030', 'P1640', '2017-01-01 00:00:00', NULL, NULL, NULL, NULL, 1);
INSERT INTO MWA_M_PETITION (ID, BRANCH_ID, WEEK_ID, ACCOUNT_NO, PETITION_NO, PETITION_DATE, CREATE_BY, CREATE_DATE, LASTUPDATE_BY, LASTUPDATE_DATE, ROW_VERSION) VALUES (8, 18, 3, 'A1039', 'P1660', '2017-01-01 00:00:00', NULL, NULL, NULL, NULL, 1);
INSERT INTO MWA_M_PETITION (ID, BRANCH_ID, WEEK_ID, ACCOUNT_NO, PETITION_NO, PETITION_DATE, CREATE_BY, CREATE_DATE, LASTUPDATE_BY, LASTUPDATE_DATE, ROW_VERSION) VALUES (9, 1, 2, 'A2222', 'P429', '2017-01-01 00:00:00', NULL, NULL, NULL, NULL, 1);
INSERT INTO MWA_M_PETITION (ID, BRANCH_ID, WEEK_ID, ACCOUNT_NO, PETITION_NO, PETITION_DATE, CREATE_BY, CREATE_DATE, LASTUPDATE_BY, LASTUPDATE_DATE, ROW_VERSION) VALUES (10, 7, 3, 'A2166', 'P2522', '2017-01-01 00:00:00', NULL, NULL, NULL, NULL, 1);
INSERT INTO MWA_M_PETITION (ID, BRANCH_ID, WEEK_ID, ACCOUNT_NO, PETITION_NO, PETITION_DATE, CREATE_BY, CREATE_DATE, LASTUPDATE_BY, LASTUPDATE_DATE, ROW_VERSION) VALUES (11, 4, 5, 'A1971', 'P254', '2017-01-01 00:00:00', NULL, NULL, NULL, NULL, 1);
INSERT INTO MWA_M_PETITION (ID, BRANCH_ID, WEEK_ID, ACCOUNT_NO, PETITION_NO, PETITION_DATE, CREATE_BY, CREATE_DATE, LASTUPDATE_BY, LASTUPDATE_DATE, ROW_VERSION) VALUES (12, 4, 4, 'A1958', 'P1539', '2017-01-01 00:00:00', NULL, NULL, NULL, NULL, 1);
INSERT INTO MWA_M_PETITION (ID, BRANCH_ID, WEEK_ID, ACCOUNT_NO, PETITION_NO, PETITION_DATE, CREATE_BY, CREATE_DATE, LASTUPDATE_BY, LASTUPDATE_DATE, ROW_VERSION) VALUES (13, 4, 4, 'A1969', 'P134', '2017-01-01 00:00:00', NULL, NULL, NULL, NULL, 1);
INSERT INTO MWA_M_PETITION (ID, BRANCH_ID, WEEK_ID, ACCOUNT_NO, PETITION_NO, PETITION_DATE, CREATE_BY, CREATE_DATE, LASTUPDATE_BY, LASTUPDATE_DATE, ROW_VERSION) VALUES (14, 4, 4, 'A1999', 'P160', '2017-01-01 00:00:00', NULL, NULL, NULL, NULL, 1);
INSERT INTO MWA_M_PETITION (ID, BRANCH_ID, WEEK_ID, ACCOUNT_NO, PETITION_NO, PETITION_DATE, CREATE_BY, CREATE_DATE, LASTUPDATE_BY, LASTUPDATE_DATE, ROW_VERSION) VALUES (15, 4, 4, 'A2016', 'P1996', '2017-01-01 00:00:00', NULL, NULL, NULL, NULL, 1);

INSERT INTO STD_M_ERROR (ID, ERROR_CODE, ERROR_TEXT, SEVERITY, CREATE_BY, CREATE_DATE, LASTUPDATE_BY, LASTUPDATE_DATE, ROW_VERSION) VALUES (1, 'ERR-01', 'Bad Request', 'ERROR', NULL, NULL, NULL, NULL, 1);
INSERT INTO STD_M_ERROR (ID, ERROR_CODE, ERROR_TEXT, SEVERITY, CREATE_BY, CREATE_DATE, LASTUPDATE_BY, LASTUPDATE_DATE, ROW_VERSION) VALUES (2, 'ERR-02', 'Incorrect Parameters', 'ERROR', NULL, NULL, NULL, NULL, 1);

INSERT INTO FMW_M_PARAMETER (ID, PARAMETER_CODE, PARAMETER_VALUE, CREATE_BY, CREATE_DATE, LASTUPDATE_BY, LASTUPDATE_DATE, ROW_VERSION) VALUES (1, 'PAGE_SIZE', '3', NULL, NULL, NULL, NULL, 1);
INSERT INTO FMW_M_PARAMETER (ID, PARAMETER_CODE, PARAMETER_VALUE, CREATE_BY, CREATE_DATE, LASTUPDATE_BY, LASTUPDATE_DATE, ROW_VERSION) VALUES (2, 'MAX_PETITION_PER_DAY_LOW', '1', NULL, NULL, NULL, NULL, 1);
INSERT INTO FMW_M_PARAMETER (ID, PARAMETER_CODE, PARAMETER_VALUE, CREATE_BY, CREATE_DATE, LASTUPDATE_BY, LASTUPDATE_DATE, ROW_VERSION) VALUES (3, 'MAX_PETITION_PER_DAY_HIGH', '3', NULL, NULL, NULL, NULL, 1);
INSERT INTO FMW_M_PARAMETER (ID, PARAMETER_CODE, PARAMETER_VALUE, CREATE_BY, CREATE_DATE, LASTUPDATE_BY, LASTUPDATE_DATE, ROW_VERSION) VALUES (4, 'LOW_WORKDAY_THRESHOLD', '3', NULL, NULL, NULL, NULL, 1);

INSERT INTO UME_M_AUTH_OBJECT (ID, AUTH_OBJECT_CODE, AUTH_OBJECT_NAME, AUTH_FIELD_1, AUTH_FIELD_2, AUTH_FIELD_3, AUTH_FIELD_4, AUTH_FIELD_5, CREATE_BY, CREATE_DATE, LASTUPATE_BY, LASTUPDATE_DATE, ROW_VERSION) VALUES (1, N'ZO002', N'CheckScreen', NULL, NULL, NULL, NULL, NULL, NULL, NULL, NULL, NULL, 1);
INSERT INTO UME_M_AUTH_OBJECT (ID, AUTH_OBJECT_CODE, AUTH_OBJECT_NAME, AUTH_FIELD_1, AUTH_FIELD_2, AUTH_FIELD_3, AUTH_FIELD_4, AUTH_FIELD_5, CREATE_BY, CREATE_DATE, LASTUPATE_BY, LASTUPDATE_DATE, ROW_VERSION) VALUES (2, N'ZO003', N'void', NULL, NULL, NULL, NULL, NULL, NULL, NULL, NULL, NULL, 1);
INSERT INTO UME_M_AUTH_OBJECT (ID, AUTH_OBJECT_CODE, AUTH_OBJECT_NAME, AUTH_FIELD_1, AUTH_FIELD_2, AUTH_FIELD_3, AUTH_FIELD_4, AUTH_FIELD_5, CREATE_BY, CREATE_DATE, LASTUPATE_BY, LASTUPDATE_DATE, ROW_VERSION) VALUES (3, N'ZO004', N'adjust', NULL, NULL, NULL, NULL, NULL, NULL, NULL, NULL, NULL, 1);
INSERT INTO UME_M_AUTH_OBJECT (ID, AUTH_OBJECT_CODE, AUTH_OBJECT_NAME, AUTH_FIELD_1, AUTH_FIELD_2, AUTH_FIELD_3, AUTH_FIELD_4, AUTH_FIELD_5, CREATE_BY, CREATE_DATE, LASTUPATE_BY, LASTUPDATE_DATE, ROW_VERSION) VALUES (4, N'ZO005', N'TxLimit', NULL, NULL, NULL, NULL, NULL, NULL, NULL, NULL, NULL, 1);

INSERT INTO UME_M_AUTHORIZATION (ID, AUTH_CODE, AUTH_NAME, AUTH_OBJECT_CODE, AUTH_FIELD_1_VALUE_FROM, AUTH_FIELD_1_VALUE_TO, AUTH_FIELD_2_VALUE_FROM, AUTH_FIELD_2_VALUE_TO, AUTH_FIELD_3_VALUE_FROM, AUTH_FIELD_3_VALUE_TO, AUTH_FIELD_4_VALUE_FROM, AUTH_FIELD_4_VALUE_TO, AUTH_FIELD_5_VALUE_FROM, AUTH_FIELD_5_VALUE_TO, CREATE_BY, CREATE_DATE, LASTUPDATE_BY, LASTUPDATE_DATE, ROW_VERSION) VALUES (1, N'S0001', N'Sell-Buy', N'ZO002', N'/exchangeRequest/exchangeRequestEntry.html', N'/exchangeRequest/exchangeRequestEntry.html', NULL, NULL, NULL, NULL, NULL, NULL, NULL, NULL, NULL, NULL, NULL, NULL, 1);
INSERT INTO UME_M_AUTHORIZATION (ID, AUTH_CODE, AUTH_NAME, AUTH_OBJECT_CODE, AUTH_FIELD_1_VALUE_FROM, AUTH_FIELD_1_VALUE_TO, AUTH_FIELD_2_VALUE_FROM, AUTH_FIELD_2_VALUE_TO, AUTH_FIELD_3_VALUE_FROM, AUTH_FIELD_3_VALUE_TO, AUTH_FIELD_4_VALUE_FROM, AUTH_FIELD_4_VALUE_TO, AUTH_FIELD_5_VALUE_FROM, AUTH_FIELD_5_VALUE_TO, CREATE_BY, CREATE_DATE, LASTUPDATE_BY, LASTUPDATE_DATE, ROW_VERSION) VALUES (2, N'S0002', N'Exchange-LCD', N'ZO002', N'/exchangeRate/exchangeRateLCD.html', N'/exchangeRate/exchangeRateLCD.html', NULL, NULL, NULL, NULL, NULL, NULL, NULL, NULL, NULL, NULL, NULL, NULL, 1);
INSERT INTO UME_M_AUTHORIZATION (ID, AUTH_CODE, AUTH_NAME, AUTH_OBJECT_CODE, AUTH_FIELD_1_VALUE_FROM, AUTH_FIELD_1_VALUE_TO, AUTH_FIELD_2_VALUE_FROM, AUTH_FIELD_2_VALUE_TO, AUTH_FIELD_3_VALUE_FROM, AUTH_FIELD_3_VALUE_TO, AUTH_FIELD_4_VALUE_FROM, AUTH_FIELD_4_VALUE_TO, AUTH_FIELD_5_VALUE_FROM, AUTH_FIELD_5_VALUE_TO, CREATE_BY, CREATE_DATE, LASTUPDATE_BY, LASTUPDATE_DATE, ROW_VERSION) VALUES (3, N'S0003', N'ExchangeRate', N'ZO002', N'/exchangeRate/exchangeRateEntry.html', N'/exchangeRate/exchangeRateEntry.html', NULL, NULL, NULL, NULL, NULL, NULL, NULL, NULL, NULL, NULL, NULL, NULL, 1);
INSERT INTO UME_M_AUTHORIZATION (ID, AUTH_CODE, AUTH_NAME, AUTH_OBJECT_CODE, AUTH_FIELD_1_VALUE_FROM, AUTH_FIELD_1_VALUE_TO, AUTH_FIELD_2_VALUE_FROM, AUTH_FIELD_2_VALUE_TO, AUTH_FIELD_3_VALUE_FROM, AUTH_FIELD_3_VALUE_TO, AUTH_FIELD_4_VALUE_FROM, AUTH_FIELD_4_VALUE_TO, AUTH_FIELD_5_VALUE_FROM, AUTH_FIELD_5_VALUE_TO, CREATE_BY, CREATE_DATE, LASTUPDATE_BY, LASTUPDATE_DATE, ROW_VERSION) VALUES (4, N'S0004', N'Sell-Buy Search', N'ZO002', N'/exchangeRequest/exchangeRequestSearch.html', N'/exchangeRequest/exchangeRequestSearch.html', NULL, NULL, NULL, NULL, NULL, NULL, NULL, NULL, NULL, NULL, NULL, NULL, 1);
INSERT INTO UME_M_AUTHORIZATION (ID, AUTH_CODE, AUTH_NAME, AUTH_OBJECT_CODE, AUTH_FIELD_1_VALUE_FROM, AUTH_FIELD_1_VALUE_TO, AUTH_FIELD_2_VALUE_FROM, AUTH_FIELD_2_VALUE_TO, AUTH_FIELD_3_VALUE_FROM, AUTH_FIELD_3_VALUE_TO, AUTH_FIELD_4_VALUE_FROM, AUTH_FIELD_4_VALUE_TO, AUTH_FIELD_5_VALUE_FROM, AUTH_FIELD_5_VALUE_TO, CREATE_BY, CREATE_DATE, LASTUPDATE_BY, LASTUPDATE_DATE, ROW_VERSION) VALUES (5, N'S0005', N'UmeChangePassword', N'ZO002', N'/umeMaster/umeChangePassword.html', N'/umeMaster/umeChangePassword.html', NULL, NULL, NULL, NULL, NULL, NULL, NULL, NULL, NULL, NULL, NULL, NULL, 1);
INSERT INTO UME_M_AUTHORIZATION (ID, AUTH_CODE, AUTH_NAME, AUTH_OBJECT_CODE, AUTH_FIELD_1_VALUE_FROM, AUTH_FIELD_1_VALUE_TO, AUTH_FIELD_2_VALUE_FROM, AUTH_FIELD_2_VALUE_TO, AUTH_FIELD_3_VALUE_FROM, AUTH_FIELD_3_VALUE_TO, AUTH_FIELD_4_VALUE_FROM, AUTH_FIELD_4_VALUE_TO, AUTH_FIELD_5_VALUE_FROM, AUTH_FIELD_5_VALUE_TO, CREATE_BY, CREATE_DATE, LASTUPDATE_BY, LASTUPDATE_DATE, ROW_VERSION) VALUES (6, N'S0006', N'UmeRoleSearch', N'ZO002', N'/umeMaster/umeRoleSearch.html', N'/umeMaster/umeRoleSearch.html', NULL, NULL, NULL, NULL, NULL, NULL, NULL, NULL, NULL, NULL, NULL, NULL, 1);
INSERT INTO UME_M_AUTHORIZATION (ID, AUTH_CODE, AUTH_NAME, AUTH_OBJECT_CODE, AUTH_FIELD_1_VALUE_FROM, AUTH_FIELD_1_VALUE_TO, AUTH_FIELD_2_VALUE_FROM, AUTH_FIELD_2_VALUE_TO, AUTH_FIELD_3_VALUE_FROM, AUTH_FIELD_3_VALUE_TO, AUTH_FIELD_4_VALUE_FROM, AUTH_FIELD_4_VALUE_TO, AUTH_FIELD_5_VALUE_FROM, AUTH_FIELD_5_VALUE_TO, CREATE_BY, CREATE_DATE, LASTUPDATE_BY, LASTUPDATE_DATE, ROW_VERSION) VALUES (7, N'S0007', N'UmeUserEdit', N'ZO002', N'/umeMaster/umeUserEdit.html', N'/umeMaster/umeUserEdit.html', NULL, NULL, NULL, NULL, NULL, NULL, NULL, NULL, NULL, NULL, NULL, NULL, 1);
INSERT INTO UME_M_AUTHORIZATION (ID, AUTH_CODE, AUTH_NAME, AUTH_OBJECT_CODE, AUTH_FIELD_1_VALUE_FROM, AUTH_FIELD_1_VALUE_TO, AUTH_FIELD_2_VALUE_FROM, AUTH_FIELD_2_VALUE_TO, AUTH_FIELD_3_VALUE_FROM, AUTH_FIELD_3_VALUE_TO, AUTH_FIELD_4_VALUE_FROM, AUTH_FIELD_4_VALUE_TO, AUTH_FIELD_5_VALUE_FROM, AUTH_FIELD_5_VALUE_TO, CREATE_BY, CREATE_DATE, LASTUPDATE_BY, LASTUPDATE_DATE, ROW_VERSION) VALUES (8, N'S0008', N'UmeUserEntry', N'ZO002', N'/umeMaster/umeUserEntry.html', N'/umeMaster/umeUserEntry.html', NULL, NULL, NULL, NULL, NULL, NULL, NULL, NULL, NULL, NULL, NULL, NULL, 1);
INSERT INTO UME_M_AUTHORIZATION (ID, AUTH_CODE, AUTH_NAME, AUTH_OBJECT_CODE, AUTH_FIELD_1_VALUE_FROM, AUTH_FIELD_1_VALUE_TO, AUTH_FIELD_2_VALUE_FROM, AUTH_FIELD_2_VALUE_TO, AUTH_FIELD_3_VALUE_FROM, AUTH_FIELD_3_VALUE_TO, AUTH_FIELD_4_VALUE_FROM, AUTH_FIELD_4_VALUE_TO, AUTH_FIELD_5_VALUE_FROM, AUTH_FIELD_5_VALUE_TO, CREATE_BY, CREATE_DATE, LASTUPDATE_BY, LASTUPDATE_DATE, ROW_VERSION) VALUES (9, N'S0009', N'UmeUserSearch', N'ZO002', N'/umeMaster/umeUserSearch.html', N'/umeMaster/umeUserSearch.html', NULL, NULL, NULL, NULL, NULL, NULL, NULL, NULL, NULL, NULL, NULL, NULL, 1);
INSERT INTO UME_M_AUTHORIZATION (ID, AUTH_CODE, AUTH_NAME, AUTH_OBJECT_CODE, AUTH_FIELD_1_VALUE_FROM, AUTH_FIELD_1_VALUE_TO, AUTH_FIELD_2_VALUE_FROM, AUTH_FIELD_2_VALUE_TO, AUTH_FIELD_3_VALUE_FROM, AUTH_FIELD_3_VALUE_TO, AUTH_FIELD_4_VALUE_FROM, AUTH_FIELD_4_VALUE_TO, AUTH_FIELD_5_VALUE_FROM, AUTH_FIELD_5_VALUE_TO, CREATE_BY, CREATE_DATE, LASTUPDATE_BY, LASTUPDATE_DATE, ROW_VERSION) VALUES (10, N'S0010', N'PrintSlip1', N'ZO002', N'/printSlip/slip1.html', N'/printSlip/slip1.html', NULL, NULL, NULL, NULL, NULL, NULL, NULL, NULL, NULL, NULL, NULL, NULL, 1);
INSERT INTO UME_M_AUTHORIZATION (ID, AUTH_CODE, AUTH_NAME, AUTH_OBJECT_CODE, AUTH_FIELD_1_VALUE_FROM, AUTH_FIELD_1_VALUE_TO, AUTH_FIELD_2_VALUE_FROM, AUTH_FIELD_2_VALUE_TO, AUTH_FIELD_3_VALUE_FROM, AUTH_FIELD_3_VALUE_TO, AUTH_FIELD_4_VALUE_FROM, AUTH_FIELD_4_VALUE_TO, AUTH_FIELD_5_VALUE_FROM, AUTH_FIELD_5_VALUE_TO, CREATE_BY, CREATE_DATE, LASTUPDATE_BY, LASTUPDATE_DATE, ROW_VERSION) VALUES (11, N'S0011', N'PrintSlip2', N'ZO002', N'/printSlip/slip2.html', N'/printSlip/slip2.html', NULL, NULL, NULL, NULL, NULL, NULL, NULL, NULL, NULL, NULL, NULL, NULL, 1);
INSERT INTO UME_M_AUTHORIZATION (ID, AUTH_CODE, AUTH_NAME, AUTH_OBJECT_CODE, AUTH_FIELD_1_VALUE_FROM, AUTH_FIELD_1_VALUE_TO, AUTH_FIELD_2_VALUE_FROM, AUTH_FIELD_2_VALUE_TO, AUTH_FIELD_3_VALUE_FROM, AUTH_FIELD_3_VALUE_TO, AUTH_FIELD_4_VALUE_FROM, AUTH_FIELD_4_VALUE_TO, AUTH_FIELD_5_VALUE_FROM, AUTH_FIELD_5_VALUE_TO, CREATE_BY, CREATE_DATE, LASTUPDATE_BY, LASTUPDATE_DATE, ROW_VERSION) VALUES (12, N'S0012', N'Void', N'ZO003', NULL, NULL, NULL, NULL, NULL, NULL, NULL, NULL, NULL, NULL, NULL, NULL, NULL, NULL, 1);
INSERT INTO UME_M_AUTHORIZATION (ID, AUTH_CODE, AUTH_NAME, AUTH_OBJECT_CODE, AUTH_FIELD_1_VALUE_FROM, AUTH_FIELD_1_VALUE_TO, AUTH_FIELD_2_VALUE_FROM, AUTH_FIELD_2_VALUE_TO, AUTH_FIELD_3_VALUE_FROM, AUTH_FIELD_3_VALUE_TO, AUTH_FIELD_4_VALUE_FROM, AUTH_FIELD_4_VALUE_TO, AUTH_FIELD_5_VALUE_FROM, AUTH_FIELD_5_VALUE_TO, CREATE_BY, CREATE_DATE, LASTUPDATE_BY, LASTUPDATE_DATE, ROW_VERSION) VALUES (13, N'S0013', N'ReportBuySell', N'ZO002', N'/report/reportBuySell.html', N'/report/reportBuySell.html', NULL, NULL, NULL, NULL, NULL, NULL, NULL, NULL, NULL, NULL, NULL, NULL, 1);
INSERT INTO UME_M_AUTHORIZATION (ID, AUTH_CODE, AUTH_NAME, AUTH_OBJECT_CODE, AUTH_FIELD_1_VALUE_FROM, AUTH_FIELD_1_VALUE_TO, AUTH_FIELD_2_VALUE_FROM, AUTH_FIELD_2_VALUE_TO, AUTH_FIELD_3_VALUE_FROM, AUTH_FIELD_3_VALUE_TO, AUTH_FIELD_4_VALUE_FROM, AUTH_FIELD_4_VALUE_TO, AUTH_FIELD_5_VALUE_FROM, AUTH_FIELD_5_VALUE_TO, CREATE_BY, CREATE_DATE, LASTUPDATE_BY, LASTUPDATE_DATE, ROW_VERSION) VALUES (14, N'S0014', N'ReportChangeRate', N'ZO002', N'/report/reportChangeRate.html', N'/report/reportChangeRate.html', NULL, NULL, NULL, NULL, NULL, NULL, NULL, NULL, NULL, NULL, NULL, NULL, 1);
INSERT INTO UME_M_AUTHORIZATION (ID, AUTH_CODE, AUTH_NAME, AUTH_OBJECT_CODE, AUTH_FIELD_1_VALUE_FROM, AUTH_FIELD_1_VALUE_TO, AUTH_FIELD_2_VALUE_FROM, AUTH_FIELD_2_VALUE_TO, AUTH_FIELD_3_VALUE_FROM, AUTH_FIELD_3_VALUE_TO, AUTH_FIELD_4_VALUE_FROM, AUTH_FIELD_4_VALUE_TO, AUTH_FIELD_5_VALUE_FROM, AUTH_FIELD_5_VALUE_TO, CREATE_BY, CREATE_DATE, LASTUPDATE_BY, LASTUPDATE_DATE, ROW_VERSION) VALUES (15, N'S0015', N'ReportStockBalance', N'ZO002', N'/report/reportStockBalance.html', N'/report/reportStockBalance.html', NULL, NULL, NULL, NULL, NULL, NULL, NULL, NULL, NULL, NULL, NULL, NULL, 1);
INSERT INTO UME_M_AUTHORIZATION (ID, AUTH_CODE, AUTH_NAME, AUTH_OBJECT_CODE, AUTH_FIELD_1_VALUE_FROM, AUTH_FIELD_1_VALUE_TO, AUTH_FIELD_2_VALUE_FROM, AUTH_FIELD_2_VALUE_TO, AUTH_FIELD_3_VALUE_FROM, AUTH_FIELD_3_VALUE_TO, AUTH_FIELD_4_VALUE_FROM, AUTH_FIELD_4_VALUE_TO, AUTH_FIELD_5_VALUE_FROM, AUTH_FIELD_5_VALUE_TO, CREATE_BY, CREATE_DATE, LASTUPDATE_BY, LASTUPDATE_DATE, ROW_VERSION) VALUES (16, N'S0016', N'ReportStockConciliation', N'ZO002', N'/report/reportStockReconciliation.html', N'/report/reportStockReconciliation.html', NULL, NULL, NULL, NULL, NULL, NULL, NULL, NULL, NULL, NULL, NULL, NULL, 1);
INSERT INTO UME_M_AUTHORIZATION (ID, AUTH_CODE, AUTH_NAME, AUTH_OBJECT_CODE, AUTH_FIELD_1_VALUE_FROM, AUTH_FIELD_1_VALUE_TO, AUTH_FIELD_2_VALUE_FROM, AUTH_FIELD_2_VALUE_TO, AUTH_FIELD_3_VALUE_FROM, AUTH_FIELD_3_VALUE_TO, AUTH_FIELD_4_VALUE_FROM, AUTH_FIELD_4_VALUE_TO, AUTH_FIELD_5_VALUE_FROM, AUTH_FIELD_5_VALUE_TO, CREATE_BY, CREATE_DATE, LASTUPDATE_BY, LASTUPDATE_DATE, ROW_VERSION) VALUES (17, N'S0017', N'ReportStockCount', N'ZO002', N'/report/reportStockCount.html', N'/report/reportStockCount.html', NULL, NULL, NULL, NULL, NULL, NULL, NULL, NULL, NULL, NULL, NULL, NULL, 1);
INSERT INTO UME_M_AUTHORIZATION (ID, AUTH_CODE, AUTH_NAME, AUTH_OBJECT_CODE, AUTH_FIELD_1_VALUE_FROM, AUTH_FIELD_1_VALUE_TO, AUTH_FIELD_2_VALUE_FROM, AUTH_FIELD_2_VALUE_TO, AUTH_FIELD_3_VALUE_FROM, AUTH_FIELD_3_VALUE_TO, AUTH_FIELD_4_VALUE_FROM, AUTH_FIELD_4_VALUE_TO, AUTH_FIELD_5_VALUE_FROM, AUTH_FIELD_5_VALUE_TO, CREATE_BY, CREATE_DATE, LASTUPDATE_BY, LASTUPDATE_DATE, ROW_VERSION) VALUES (18, N'S0018', N'ReportStockCountCurrency', N'ZO002', N'/report/reportStockCountCurrency.html', N'/report/reportStockCountCurrency.html', NULL, NULL, NULL, NULL, NULL, NULL, NULL, NULL, NULL, NULL, NULL, NULL, 1);
INSERT INTO UME_M_AUTHORIZATION (ID, AUTH_CODE, AUTH_NAME, AUTH_OBJECT_CODE, AUTH_FIELD_1_VALUE_FROM, AUTH_FIELD_1_VALUE_TO, AUTH_FIELD_2_VALUE_FROM, AUTH_FIELD_2_VALUE_TO, AUTH_FIELD_3_VALUE_FROM, AUTH_FIELD_3_VALUE_TO, AUTH_FIELD_4_VALUE_FROM, AUTH_FIELD_4_VALUE_TO, AUTH_FIELD_5_VALUE_FROM, AUTH_FIELD_5_VALUE_TO, CREATE_BY, CREATE_DATE, LASTUPDATE_BY, LASTUPDATE_DATE, ROW_VERSION) VALUES (19, N'S0019', N'MemberEntry', N'ZO002', N'/member/memberEntry.html', N'/member/memberEntry.html', NULL, NULL, NULL, NULL, NULL, NULL, NULL, NULL, NULL, NULL, NULL, NULL, 1);
INSERT INTO UME_M_AUTHORIZATION (ID, AUTH_CODE, AUTH_NAME, AUTH_OBJECT_CODE, AUTH_FIELD_1_VALUE_FROM, AUTH_FIELD_1_VALUE_TO, AUTH_FIELD_2_VALUE_FROM, AUTH_FIELD_2_VALUE_TO, AUTH_FIELD_3_VALUE_FROM, AUTH_FIELD_3_VALUE_TO, AUTH_FIELD_4_VALUE_FROM, AUTH_FIELD_4_VALUE_TO, AUTH_FIELD_5_VALUE_FROM, AUTH_FIELD_5_VALUE_TO, CREATE_BY, CREATE_DATE, LASTUPDATE_BY, LASTUPDATE_DATE, ROW_VERSION) VALUES (20, N'S0020', N'MemberSearch', N'ZO002', N'/member/memberSearch.html', N'/member/memberSearch.html', NULL, NULL, NULL, NULL, NULL, NULL, NULL, NULL, NULL, NULL, NULL, NULL, 1);
INSERT INTO UME_M_AUTHORIZATION (ID, AUTH_CODE, AUTH_NAME, AUTH_OBJECT_CODE, AUTH_FIELD_1_VALUE_FROM, AUTH_FIELD_1_VALUE_TO, AUTH_FIELD_2_VALUE_FROM, AUTH_FIELD_2_VALUE_TO, AUTH_FIELD_3_VALUE_FROM, AUTH_FIELD_3_VALUE_TO, AUTH_FIELD_4_VALUE_FROM, AUTH_FIELD_4_VALUE_TO, AUTH_FIELD_5_VALUE_FROM, AUTH_FIELD_5_VALUE_TO, CREATE_BY, CREATE_DATE, LASTUPDATE_BY, LASTUPDATE_DATE, ROW_VERSION) VALUES (21, N'S0021', N'MemberSearchModal', N'ZO002', N'/member/memberSearchModal.html', N'/member/memberSearchModal.html', NULL, NULL, NULL, NULL, NULL, NULL, NULL, NULL, NULL, NULL, NULL, NULL, 1);
INSERT INTO UME_M_AUTHORIZATION (ID, AUTH_CODE, AUTH_NAME, AUTH_OBJECT_CODE, AUTH_FIELD_1_VALUE_FROM, AUTH_FIELD_1_VALUE_TO, AUTH_FIELD_2_VALUE_FROM, AUTH_FIELD_2_VALUE_TO, AUTH_FIELD_3_VALUE_FROM, AUTH_FIELD_3_VALUE_TO, AUTH_FIELD_4_VALUE_FROM, AUTH_FIELD_4_VALUE_TO, AUTH_FIELD_5_VALUE_FROM, AUTH_FIELD_5_VALUE_TO, CREATE_BY, CREATE_DATE, LASTUPDATE_BY, LASTUPDATE_DATE, ROW_VERSION) VALUES (22, N'S0022', N'ExchangeBalanceEntry', N'ZO002', N'/exchangeBalance/exchangeBalanceEntry.html', N'/exchangeBalance/exchangeBalanceEntry.html', NULL, NULL, NULL, NULL, NULL, NULL, NULL, NULL, NULL, NULL, NULL, NULL, 1);
INSERT INTO UME_M_AUTHORIZATION (ID, AUTH_CODE, AUTH_NAME, AUTH_OBJECT_CODE, AUTH_FIELD_1_VALUE_FROM, AUTH_FIELD_1_VALUE_TO, AUTH_FIELD_2_VALUE_FROM, AUTH_FIELD_2_VALUE_TO, AUTH_FIELD_3_VALUE_FROM, AUTH_FIELD_3_VALUE_TO, AUTH_FIELD_4_VALUE_FROM, AUTH_FIELD_4_VALUE_TO, AUTH_FIELD_5_VALUE_FROM, AUTH_FIELD_5_VALUE_TO, CREATE_BY, CREATE_DATE, LASTUPDATE_BY, LASTUPDATE_DATE, ROW_VERSION) VALUES (23, N'S0023', N'PrintExchangeRate', N'ZO002', N'/exchangeRate/printExchangeRate.html', N'/exchangeRate/printExchangeRate.html', NULL, NULL, NULL, NULL, NULL, NULL, NULL, NULL, NULL, NULL, NULL, NULL, 1);
INSERT INTO UME_M_AUTHORIZATION (ID, AUTH_CODE, AUTH_NAME, AUTH_OBJECT_CODE, AUTH_FIELD_1_VALUE_FROM, AUTH_FIELD_1_VALUE_TO, AUTH_FIELD_2_VALUE_FROM, AUTH_FIELD_2_VALUE_TO, AUTH_FIELD_3_VALUE_FROM, AUTH_FIELD_3_VALUE_TO, AUTH_FIELD_4_VALUE_FROM, AUTH_FIELD_4_VALUE_TO, AUTH_FIELD_5_VALUE_FROM, AUTH_FIELD_5_VALUE_TO, CREATE_BY, CREATE_DATE, LASTUPDATE_BY, LASTUPDATE_DATE, ROW_VERSION) VALUES (24, N'S0024', N'ExchangeBalanceSearch', N'ZO002', N'/exchangeBalance/exchangeBalanceSearch.html', N'/exchangeBalance/exchangeBalanceSearch.html', NULL, NULL, NULL, NULL, NULL, NULL, NULL, NULL, NULL, NULL, NULL, NULL, 1);
INSERT INTO UME_M_AUTHORIZATION (ID, AUTH_CODE, AUTH_NAME, AUTH_OBJECT_CODE, AUTH_FIELD_1_VALUE_FROM, AUTH_FIELD_1_VALUE_TO, AUTH_FIELD_2_VALUE_FROM, AUTH_FIELD_2_VALUE_TO, AUTH_FIELD_3_VALUE_FROM, AUTH_FIELD_3_VALUE_TO, AUTH_FIELD_4_VALUE_FROM, AUTH_FIELD_4_VALUE_TO, AUTH_FIELD_5_VALUE_FROM, AUTH_FIELD_5_VALUE_TO, CREATE_BY, CREATE_DATE, LASTUPDATE_BY, LASTUPDATE_DATE, ROW_VERSION) VALUES (25, N'S0025', N'Adjust', N'ZO004', NULL, NULL, NULL, NULL, NULL, NULL, NULL, NULL, NULL, NULL, NULL, NULL, NULL, NULL, 1);
INSERT INTO UME_M_AUTHORIZATION (ID, AUTH_CODE, AUTH_NAME, AUTH_OBJECT_CODE, AUTH_FIELD_1_VALUE_FROM, AUTH_FIELD_1_VALUE_TO, AUTH_FIELD_2_VALUE_FROM, AUTH_FIELD_2_VALUE_TO, AUTH_FIELD_3_VALUE_FROM, AUTH_FIELD_3_VALUE_TO, AUTH_FIELD_4_VALUE_FROM, AUTH_FIELD_4_VALUE_TO, AUTH_FIELD_5_VALUE_FROM, AUTH_FIELD_5_VALUE_TO, CREATE_BY, CREATE_DATE, LASTUPDATE_BY, LASTUPDATE_DATE, ROW_VERSION) VALUES (26, N'S0026', N'MemberEntryModal', N'ZO002', N'/member/memberEntryModal.html', N'/member/memberEntryModal.html', NULL, NULL, NULL, NULL, NULL, NULL, NULL, NULL, NULL, NULL, NULL, NULL, 1);
INSERT INTO UME_M_AUTHORIZATION (ID, AUTH_CODE, AUTH_NAME, AUTH_OBJECT_CODE, AUTH_FIELD_1_VALUE_FROM, AUTH_FIELD_1_VALUE_TO, AUTH_FIELD_2_VALUE_FROM, AUTH_FIELD_2_VALUE_TO, AUTH_FIELD_3_VALUE_FROM, AUTH_FIELD_3_VALUE_TO, AUTH_FIELD_4_VALUE_FROM, AUTH_FIELD_4_VALUE_TO, AUTH_FIELD_5_VALUE_FROM, AUTH_FIELD_5_VALUE_TO, CREATE_BY, CREATE_DATE, LASTUPDATE_BY, LASTUPDATE_DATE, ROW_VERSION) VALUES (27, N'S0027', N'PrintSlip1Buy', N'ZO002', N'/printSlip/slip1Buy.html', N'/printSlip/slip1Buy.html', NULL, NULL, NULL, NULL, NULL, NULL, NULL, NULL, NULL, NULL, NULL, NULL, 1);
INSERT INTO UME_M_AUTHORIZATION (ID, AUTH_CODE, AUTH_NAME, AUTH_OBJECT_CODE, AUTH_FIELD_1_VALUE_FROM, AUTH_FIELD_1_VALUE_TO, AUTH_FIELD_2_VALUE_FROM, AUTH_FIELD_2_VALUE_TO, AUTH_FIELD_3_VALUE_FROM, AUTH_FIELD_3_VALUE_TO, AUTH_FIELD_4_VALUE_FROM, AUTH_FIELD_4_VALUE_TO, AUTH_FIELD_5_VALUE_FROM, AUTH_FIELD_5_VALUE_TO, CREATE_BY, CREATE_DATE, LASTUPDATE_BY, LASTUPDATE_DATE, ROW_VERSION) VALUES (28, N'S0028', N'PrintSlip1Sell', N'ZO002', N'/printSlip/slip1Sell.html', N'/printSlip/slip1Sell.html', NULL, NULL, NULL, NULL, NULL, NULL, NULL, NULL, NULL, NULL, NULL, NULL, 1);
INSERT INTO UME_M_AUTHORIZATION (ID, AUTH_CODE, AUTH_NAME, AUTH_OBJECT_CODE, AUTH_FIELD_1_VALUE_FROM, AUTH_FIELD_1_VALUE_TO, AUTH_FIELD_2_VALUE_FROM, AUTH_FIELD_2_VALUE_TO, AUTH_FIELD_3_VALUE_FROM, AUTH_FIELD_3_VALUE_TO, AUTH_FIELD_4_VALUE_FROM, AUTH_FIELD_4_VALUE_TO, AUTH_FIELD_5_VALUE_FROM, AUTH_FIELD_5_VALUE_TO, CREATE_BY, CREATE_DATE, LASTUPDATE_BY, LASTUPDATE_DATE, ROW_VERSION) VALUES (29, N'S0029', N'PrintSlip2Buy', N'ZO002', N'/printSlip/slip2Buy.html', N'/printSlip/slip2Buy.html', NULL, NULL, NULL, NULL, NULL, NULL, NULL, NULL, NULL, NULL, NULL, NULL, 1);
INSERT INTO UME_M_AUTHORIZATION (ID, AUTH_CODE, AUTH_NAME, AUTH_OBJECT_CODE, AUTH_FIELD_1_VALUE_FROM, AUTH_FIELD_1_VALUE_TO, AUTH_FIELD_2_VALUE_FROM, AUTH_FIELD_2_VALUE_TO, AUTH_FIELD_3_VALUE_FROM, AUTH_FIELD_3_VALUE_TO, AUTH_FIELD_4_VALUE_FROM, AUTH_FIELD_4_VALUE_TO, AUTH_FIELD_5_VALUE_FROM, AUTH_FIELD_5_VALUE_TO, CREATE_BY, CREATE_DATE, LASTUPDATE_BY, LASTUPDATE_DATE, ROW_VERSION) VALUES (30, N'S0030', N'PrintSlip2Sell', N'ZO002', N'/printSlip/slip2Sell.html', N'/printSlip/slip2Sell.html', NULL, NULL, NULL, NULL, NULL, NULL, NULL, NULL, NULL, NULL, NULL, NULL, 1);
INSERT INTO UME_M_AUTHORIZATION (ID, AUTH_CODE, AUTH_NAME, AUTH_OBJECT_CODE, AUTH_FIELD_1_VALUE_FROM, AUTH_FIELD_1_VALUE_TO, AUTH_FIELD_2_VALUE_FROM, AUTH_FIELD_2_VALUE_TO, AUTH_FIELD_3_VALUE_FROM, AUTH_FIELD_3_VALUE_TO, AUTH_FIELD_4_VALUE_FROM, AUTH_FIELD_4_VALUE_TO, AUTH_FIELD_5_VALUE_FROM, AUTH_FIELD_5_VALUE_TO, CREATE_BY, CREATE_DATE, LASTUPDATE_BY, LASTUPDATE_DATE, ROW_VERSION) VALUES (31, N'S0031', N'TxLimit', N'ZO005', NULL, NULL, NULL, NULL, NULL, NULL, NULL, NULL, NULL, NULL, NULL, NULL, NULL, NULL, 1);
INSERT INTO UME_M_AUTHORIZATION (ID, AUTH_CODE, AUTH_NAME, AUTH_OBJECT_CODE, AUTH_FIELD_1_VALUE_FROM, AUTH_FIELD_1_VALUE_TO, AUTH_FIELD_2_VALUE_FROM, AUTH_FIELD_2_VALUE_TO, AUTH_FIELD_3_VALUE_FROM, AUTH_FIELD_3_VALUE_TO, AUTH_FIELD_4_VALUE_FROM, AUTH_FIELD_4_VALUE_TO, AUTH_FIELD_5_VALUE_FROM, AUTH_FIELD_5_VALUE_TO, CREATE_BY, CREATE_DATE, LASTUPDATE_BY, LASTUPDATE_DATE, ROW_VERSION) VALUES (32, N'S0032', N'ReportPL', N'ZO002', N'/report/reportPL.html', N'/report/reportPL.html', NULL, NULL, NULL, NULL, NULL, NULL, NULL, NULL, NULL, NULL, NULL, NULL, 1);
INSERT INTO UME_M_AUTHORIZATION (ID, AUTH_CODE, AUTH_NAME, AUTH_OBJECT_CODE, AUTH_FIELD_1_VALUE_FROM, AUTH_FIELD_1_VALUE_TO, AUTH_FIELD_2_VALUE_FROM, AUTH_FIELD_2_VALUE_TO, AUTH_FIELD_3_VALUE_FROM, AUTH_FIELD_3_VALUE_TO, AUTH_FIELD_4_VALUE_FROM, AUTH_FIELD_4_VALUE_TO, AUTH_FIELD_5_VALUE_FROM, AUTH_FIELD_5_VALUE_TO, CREATE_BY, CREATE_DATE, LASTUPDATE_BY, LASTUPDATE_DATE, ROW_VERSION) VALUES (33, N'S0033', N'ReportPLProduct', N'ZO002', N'/report/reportPLProduct.html', N'/report/reportPLProduct.html', NULL, NULL, NULL, NULL, NULL, NULL, NULL, NULL, NULL, NULL, NULL, NULL, 1);

INSERT INTO UME_M_MAPPING_AUTH_ROLE (ID, AUTH_ID, ROLE_ID, CREATE_BY, CREATE_DATE, LASTUPATE_BY, LASTUPDATE_DATE, ROW_VERSION) VALUES (1, 1, 1, NULL, NULL, NULL, NULL, 1);
INSERT INTO UME_M_MAPPING_AUTH_ROLE (ID, AUTH_ID, ROLE_ID, CREATE_BY, CREATE_DATE, LASTUPATE_BY, LASTUPDATE_DATE, ROW_VERSION) VALUES (2, 2, 1, NULL, NULL, NULL, NULL, 1);
INSERT INTO UME_M_MAPPING_AUTH_ROLE (ID, AUTH_ID, ROLE_ID, CREATE_BY, CREATE_DATE, LASTUPATE_BY, LASTUPDATE_DATE, ROW_VERSION) VALUES (3, 3, 1, NULL, NULL, NULL, NULL, 1);
INSERT INTO UME_M_MAPPING_AUTH_ROLE (ID, AUTH_ID, ROLE_ID, CREATE_BY, CREATE_DATE, LASTUPATE_BY, LASTUPDATE_DATE, ROW_VERSION) VALUES (4, 4, 1, NULL, NULL, NULL, NULL, 1);
INSERT INTO UME_M_MAPPING_AUTH_ROLE (ID, AUTH_ID, ROLE_ID, CREATE_BY, CREATE_DATE, LASTUPATE_BY, LASTUPDATE_DATE, ROW_VERSION) VALUES (5, 5, 1, NULL, NULL, NULL, NULL, 1);
INSERT INTO UME_M_MAPPING_AUTH_ROLE (ID, AUTH_ID, ROLE_ID, CREATE_BY, CREATE_DATE, LASTUPATE_BY, LASTUPDATE_DATE, ROW_VERSION) VALUES (6, 6, 1, NULL, NULL, NULL, NULL, 1);
INSERT INTO UME_M_MAPPING_AUTH_ROLE (ID, AUTH_ID, ROLE_ID, CREATE_BY, CREATE_DATE, LASTUPATE_BY, LASTUPDATE_DATE, ROW_VERSION) VALUES (7, 7, 1, NULL, NULL, NULL, NULL, 1);
INSERT INTO UME_M_MAPPING_AUTH_ROLE (ID, AUTH_ID, ROLE_ID, CREATE_BY, CREATE_DATE, LASTUPATE_BY, LASTUPDATE_DATE, ROW_VERSION) VALUES (8, 8, 1, NULL, NULL, NULL, NULL, 1);
INSERT INTO UME_M_MAPPING_AUTH_ROLE (ID, AUTH_ID, ROLE_ID, CREATE_BY, CREATE_DATE, LASTUPATE_BY, LASTUPDATE_DATE, ROW_VERSION) VALUES (9, 9, 1, NULL, NULL, NULL, NULL, 1);
INSERT INTO UME_M_MAPPING_AUTH_ROLE (ID, AUTH_ID, ROLE_ID, CREATE_BY, CREATE_DATE, LASTUPATE_BY, LASTUPDATE_DATE, ROW_VERSION) VALUES (10, 10, 1, NULL, NULL, NULL, NULL, 1);
INSERT INTO UME_M_MAPPING_AUTH_ROLE (ID, AUTH_ID, ROLE_ID, CREATE_BY, CREATE_DATE, LASTUPATE_BY, LASTUPDATE_DATE, ROW_VERSION) VALUES (11, 11, 1, NULL, NULL, NULL, NULL, 1);
INSERT INTO UME_M_MAPPING_AUTH_ROLE (ID, AUTH_ID, ROLE_ID, CREATE_BY, CREATE_DATE, LASTUPATE_BY, LASTUPDATE_DATE, ROW_VERSION) VALUES (12, 12, 1, NULL, NULL, NULL, NULL, 1);
INSERT INTO UME_M_MAPPING_AUTH_ROLE (ID, AUTH_ID, ROLE_ID, CREATE_BY, CREATE_DATE, LASTUPATE_BY, LASTUPDATE_DATE, ROW_VERSION) VALUES (13, 13, 1, NULL, NULL, NULL, NULL, 1);
INSERT INTO UME_M_MAPPING_AUTH_ROLE (ID, AUTH_ID, ROLE_ID, CREATE_BY, CREATE_DATE, LASTUPATE_BY, LASTUPDATE_DATE, ROW_VERSION) VALUES (14, 14, 1, NULL, NULL, NULL, NULL, 1);
INSERT INTO UME_M_MAPPING_AUTH_ROLE (ID, AUTH_ID, ROLE_ID, CREATE_BY, CREATE_DATE, LASTUPATE_BY, LASTUPDATE_DATE, ROW_VERSION) VALUES (15, 15, 1, NULL, NULL, NULL, NULL, 1);
INSERT INTO UME_M_MAPPING_AUTH_ROLE (ID, AUTH_ID, ROLE_ID, CREATE_BY, CREATE_DATE, LASTUPATE_BY, LASTUPDATE_DATE, ROW_VERSION) VALUES (16, 16, 1, NULL, NULL, NULL, NULL, 1);
INSERT INTO UME_M_MAPPING_AUTH_ROLE (ID, AUTH_ID, ROLE_ID, CREATE_BY, CREATE_DATE, LASTUPATE_BY, LASTUPDATE_DATE, ROW_VERSION) VALUES (17, 17, 1, NULL, NULL, NULL, NULL, 1);
INSERT INTO UME_M_MAPPING_AUTH_ROLE (ID, AUTH_ID, ROLE_ID, CREATE_BY, CREATE_DATE, LASTUPATE_BY, LASTUPDATE_DATE, ROW_VERSION) VALUES (18, 18, 1, NULL, NULL, NULL, NULL, 1);
INSERT INTO UME_M_MAPPING_AUTH_ROLE (ID, AUTH_ID, ROLE_ID, CREATE_BY, CREATE_DATE, LASTUPATE_BY, LASTUPDATE_DATE, ROW_VERSION) VALUES (19, 19, 1, NULL, NULL, NULL, NULL, 1);
INSERT INTO UME_M_MAPPING_AUTH_ROLE (ID, AUTH_ID, ROLE_ID, CREATE_BY, CREATE_DATE, LASTUPATE_BY, LASTUPDATE_DATE, ROW_VERSION) VALUES (20, 20, 1, NULL, NULL, NULL, NULL, 1);
INSERT INTO UME_M_MAPPING_AUTH_ROLE (ID, AUTH_ID, ROLE_ID, CREATE_BY, CREATE_DATE, LASTUPATE_BY, LASTUPDATE_DATE, ROW_VERSION) VALUES (21, 21, 1, NULL, NULL, NULL, NULL, 1);
INSERT INTO UME_M_MAPPING_AUTH_ROLE (ID, AUTH_ID, ROLE_ID, CREATE_BY, CREATE_DATE, LASTUPATE_BY, LASTUPDATE_DATE, ROW_VERSION) VALUES (22, 22, 1, NULL, NULL, NULL, NULL, 1);
INSERT INTO UME_M_MAPPING_AUTH_ROLE (ID, AUTH_ID, ROLE_ID, CREATE_BY, CREATE_DATE, LASTUPATE_BY, LASTUPDATE_DATE, ROW_VERSION) VALUES (23, 23, 1, NULL, NULL, NULL, NULL, 1);
INSERT INTO UME_M_MAPPING_AUTH_ROLE (ID, AUTH_ID, ROLE_ID, CREATE_BY, CREATE_DATE, LASTUPATE_BY, LASTUPDATE_DATE, ROW_VERSION) VALUES (24, 24, 1, NULL, NULL, NULL, NULL, 1);
INSERT INTO UME_M_MAPPING_AUTH_ROLE (ID, AUTH_ID, ROLE_ID, CREATE_BY, CREATE_DATE, LASTUPATE_BY, LASTUPDATE_DATE, ROW_VERSION) VALUES (25, 1, 2, NULL, NULL, NULL, NULL, 1);
INSERT INTO UME_M_MAPPING_AUTH_ROLE (ID, AUTH_ID, ROLE_ID, CREATE_BY, CREATE_DATE, LASTUPATE_BY, LASTUPDATE_DATE, ROW_VERSION) VALUES (26, 2, 2, NULL, NULL, NULL, NULL, 1);
INSERT INTO UME_M_MAPPING_AUTH_ROLE (ID, AUTH_ID, ROLE_ID, CREATE_BY, CREATE_DATE, LASTUPATE_BY, LASTUPDATE_DATE, ROW_VERSION) VALUES (27, 3, 2, NULL, NULL, NULL, NULL, 1);
INSERT INTO UME_M_MAPPING_AUTH_ROLE (ID, AUTH_ID, ROLE_ID, CREATE_BY, CREATE_DATE, LASTUPATE_BY, LASTUPDATE_DATE, ROW_VERSION) VALUES (28, 4, 2, NULL, NULL, NULL, NULL, 1);
INSERT INTO UME_M_MAPPING_AUTH_ROLE (ID, AUTH_ID, ROLE_ID, CREATE_BY, CREATE_DATE, LASTUPATE_BY, LASTUPDATE_DATE, ROW_VERSION) VALUES (29, 5, 2, NULL, NULL, NULL, NULL, 1);
INSERT INTO UME_M_MAPPING_AUTH_ROLE (ID, AUTH_ID, ROLE_ID, CREATE_BY, CREATE_DATE, LASTUPATE_BY, LASTUPDATE_DATE, ROW_VERSION) VALUES (30, 10, 2, NULL, NULL, NULL, NULL, 1);
INSERT INTO UME_M_MAPPING_AUTH_ROLE (ID, AUTH_ID, ROLE_ID, CREATE_BY, CREATE_DATE, LASTUPATE_BY, LASTUPDATE_DATE, ROW_VERSION) VALUES (31, 11, 2, NULL, NULL, NULL, NULL, 1);
INSERT INTO UME_M_MAPPING_AUTH_ROLE (ID, AUTH_ID, ROLE_ID, CREATE_BY, CREATE_DATE, LASTUPATE_BY, LASTUPDATE_DATE, ROW_VERSION) VALUES (32, 12, 2, NULL, NULL, NULL, NULL, 1);
INSERT INTO UME_M_MAPPING_AUTH_ROLE (ID, AUTH_ID, ROLE_ID, CREATE_BY, CREATE_DATE, LASTUPATE_BY, LASTUPDATE_DATE, ROW_VERSION) VALUES (33, 13, 2, NULL, NULL, NULL, NULL, 1);
INSERT INTO UME_M_MAPPING_AUTH_ROLE (ID, AUTH_ID, ROLE_ID, CREATE_BY, CREATE_DATE, LASTUPATE_BY, LASTUPDATE_DATE, ROW_VERSION) VALUES (34, 14, 2, NULL, NULL, NULL, NULL, 1);
INSERT INTO UME_M_MAPPING_AUTH_ROLE (ID, AUTH_ID, ROLE_ID, CREATE_BY, CREATE_DATE, LASTUPATE_BY, LASTUPDATE_DATE, ROW_VERSION) VALUES (35, 15, 2, NULL, NULL, NULL, NULL, 1);
INSERT INTO UME_M_MAPPING_AUTH_ROLE (ID, AUTH_ID, ROLE_ID, CREATE_BY, CREATE_DATE, LASTUPATE_BY, LASTUPDATE_DATE, ROW_VERSION) VALUES (36, 16, 2, NULL, NULL, NULL, NULL, 1);
INSERT INTO UME_M_MAPPING_AUTH_ROLE (ID, AUTH_ID, ROLE_ID, CREATE_BY, CREATE_DATE, LASTUPATE_BY, LASTUPDATE_DATE, ROW_VERSION) VALUES (37, 17, 2, NULL, NULL, NULL, NULL, 1);
INSERT INTO UME_M_MAPPING_AUTH_ROLE (ID, AUTH_ID, ROLE_ID, CREATE_BY, CREATE_DATE, LASTUPATE_BY, LASTUPDATE_DATE, ROW_VERSION) VALUES (38, 18, 2, NULL, NULL, NULL, NULL, 1);
INSERT INTO UME_M_MAPPING_AUTH_ROLE (ID, AUTH_ID, ROLE_ID, CREATE_BY, CREATE_DATE, LASTUPATE_BY, LASTUPDATE_DATE, ROW_VERSION) VALUES (39, 19, 2, NULL, NULL, NULL, NULL, 1);
INSERT INTO UME_M_MAPPING_AUTH_ROLE (ID, AUTH_ID, ROLE_ID, CREATE_BY, CREATE_DATE, LASTUPATE_BY, LASTUPDATE_DATE, ROW_VERSION) VALUES (40, 20, 2, NULL, NULL, NULL, NULL, 1);
INSERT INTO UME_M_MAPPING_AUTH_ROLE (ID, AUTH_ID, ROLE_ID, CREATE_BY, CREATE_DATE, LASTUPATE_BY, LASTUPDATE_DATE, ROW_VERSION) VALUES (41, 21, 2, NULL, NULL, NULL, NULL, 1);
INSERT INTO UME_M_MAPPING_AUTH_ROLE (ID, AUTH_ID, ROLE_ID, CREATE_BY, CREATE_DATE, LASTUPATE_BY, LASTUPDATE_DATE, ROW_VERSION) VALUES (42, 22, 2, NULL, NULL, NULL, NULL, 1);
INSERT INTO UME_M_MAPPING_AUTH_ROLE (ID, AUTH_ID, ROLE_ID, CREATE_BY, CREATE_DATE, LASTUPATE_BY, LASTUPDATE_DATE, ROW_VERSION) VALUES (43, 23, 2, NULL, NULL, NULL, NULL, 1);
INSERT INTO UME_M_MAPPING_AUTH_ROLE (ID, AUTH_ID, ROLE_ID, CREATE_BY, CREATE_DATE, LASTUPATE_BY, LASTUPDATE_DATE, ROW_VERSION) VALUES (44, 24, 2, NULL, NULL, NULL, NULL, 1);
INSERT INTO UME_M_MAPPING_AUTH_ROLE (ID, AUTH_ID, ROLE_ID, CREATE_BY, CREATE_DATE, LASTUPATE_BY, LASTUPDATE_DATE, ROW_VERSION) VALUES (45, 1, 3, NULL, NULL, NULL, NULL, 1);
INSERT INTO UME_M_MAPPING_AUTH_ROLE (ID, AUTH_ID, ROLE_ID, CREATE_BY, CREATE_DATE, LASTUPATE_BY, LASTUPDATE_DATE, ROW_VERSION) VALUES (46, 2, 3, NULL, NULL, NULL, NULL, 1);
INSERT INTO UME_M_MAPPING_AUTH_ROLE (ID, AUTH_ID, ROLE_ID, CREATE_BY, CREATE_DATE, LASTUPATE_BY, LASTUPDATE_DATE, ROW_VERSION) VALUES (47, 4, 3, NULL, NULL, NULL, NULL, 1);
INSERT INTO UME_M_MAPPING_AUTH_ROLE (ID, AUTH_ID, ROLE_ID, CREATE_BY, CREATE_DATE, LASTUPATE_BY, LASTUPDATE_DATE, ROW_VERSION) VALUES (48, 5, 3, NULL, NULL, NULL, NULL, 1);
INSERT INTO UME_M_MAPPING_AUTH_ROLE (ID, AUTH_ID, ROLE_ID, CREATE_BY, CREATE_DATE, LASTUPATE_BY, LASTUPDATE_DATE, ROW_VERSION) VALUES (49, 10, 3, NULL, NULL, NULL, NULL, 1);
INSERT INTO UME_M_MAPPING_AUTH_ROLE (ID, AUTH_ID, ROLE_ID, CREATE_BY, CREATE_DATE, LASTUPATE_BY, LASTUPDATE_DATE, ROW_VERSION) VALUES (50, 11, 3, NULL, NULL, NULL, NULL, 1);
INSERT INTO UME_M_MAPPING_AUTH_ROLE (ID, AUTH_ID, ROLE_ID, CREATE_BY, CREATE_DATE, LASTUPATE_BY, LASTUPDATE_DATE, ROW_VERSION) VALUES (51, 19, 3, NULL, NULL, NULL, NULL, 1);
INSERT INTO UME_M_MAPPING_AUTH_ROLE (ID, AUTH_ID, ROLE_ID, CREATE_BY, CREATE_DATE, LASTUPATE_BY, LASTUPDATE_DATE, ROW_VERSION) VALUES (52, 20, 3, NULL, NULL, NULL, NULL, 1);
INSERT INTO UME_M_MAPPING_AUTH_ROLE (ID, AUTH_ID, ROLE_ID, CREATE_BY, CREATE_DATE, LASTUPATE_BY, LASTUPDATE_DATE, ROW_VERSION) VALUES (53, 21, 3, NULL, NULL, NULL, NULL, 1);
INSERT INTO UME_M_MAPPING_AUTH_ROLE (ID, AUTH_ID, ROLE_ID, CREATE_BY, CREATE_DATE, LASTUPATE_BY, LASTUPDATE_DATE, ROW_VERSION) VALUES (54, 23, 3, NULL, NULL, NULL, NULL, 1);
INSERT INTO UME_M_MAPPING_AUTH_ROLE (ID, AUTH_ID, ROLE_ID, CREATE_BY, CREATE_DATE, LASTUPATE_BY, LASTUPDATE_DATE, ROW_VERSION) VALUES (55, 25, 1, NULL, NULL, NULL, NULL, 1);
INSERT INTO UME_M_MAPPING_AUTH_ROLE (ID, AUTH_ID, ROLE_ID, CREATE_BY, CREATE_DATE, LASTUPATE_BY, LASTUPDATE_DATE, ROW_VERSION) VALUES (56, 25, 2, NULL, NULL, NULL, NULL, 1);
INSERT INTO UME_M_MAPPING_AUTH_ROLE (ID, AUTH_ID, ROLE_ID, CREATE_BY, CREATE_DATE, LASTUPATE_BY, LASTUPDATE_DATE, ROW_VERSION) VALUES (57, 25, 3, NULL, NULL, NULL, NULL, 1);
INSERT INTO UME_M_MAPPING_AUTH_ROLE (ID, AUTH_ID, ROLE_ID, CREATE_BY, CREATE_DATE, LASTUPATE_BY, LASTUPDATE_DATE, ROW_VERSION) VALUES (58, 26, 1, NULL, NULL, NULL, NULL, 1);
INSERT INTO UME_M_MAPPING_AUTH_ROLE (ID, AUTH_ID, ROLE_ID, CREATE_BY, CREATE_DATE, LASTUPATE_BY, LASTUPDATE_DATE, ROW_VERSION) VALUES (59, 26, 2, NULL, NULL, NULL, NULL, 1);
INSERT INTO UME_M_MAPPING_AUTH_ROLE (ID, AUTH_ID, ROLE_ID, CREATE_BY, CREATE_DATE, LASTUPATE_BY, LASTUPDATE_DATE, ROW_VERSION) VALUES (60, 26, 3, NULL, NULL, NULL, NULL, 1);
INSERT INTO UME_M_MAPPING_AUTH_ROLE (ID, AUTH_ID, ROLE_ID, CREATE_BY, CREATE_DATE, LASTUPATE_BY, LASTUPDATE_DATE, ROW_VERSION) VALUES (61, 27, 1, NULL, NULL, NULL, NULL, 1);
INSERT INTO UME_M_MAPPING_AUTH_ROLE (ID, AUTH_ID, ROLE_ID, CREATE_BY, CREATE_DATE, LASTUPATE_BY, LASTUPDATE_DATE, ROW_VERSION) VALUES (62, 27, 2, NULL, NULL, NULL, NULL, 1);
INSERT INTO UME_M_MAPPING_AUTH_ROLE (ID, AUTH_ID, ROLE_ID, CREATE_BY, CREATE_DATE, LASTUPATE_BY, LASTUPDATE_DATE, ROW_VERSION) VALUES (63, 27, 3, NULL, NULL, NULL, NULL, 1);
INSERT INTO UME_M_MAPPING_AUTH_ROLE (ID, AUTH_ID, ROLE_ID, CREATE_BY, CREATE_DATE, LASTUPATE_BY, LASTUPDATE_DATE, ROW_VERSION) VALUES (64, 28, 1, NULL, NULL, NULL, NULL, 1);
INSERT INTO UME_M_MAPPING_AUTH_ROLE (ID, AUTH_ID, ROLE_ID, CREATE_BY, CREATE_DATE, LASTUPATE_BY, LASTUPDATE_DATE, ROW_VERSION) VALUES (65, 28, 2, NULL, NULL, NULL, NULL, 1);
INSERT INTO UME_M_MAPPING_AUTH_ROLE (ID, AUTH_ID, ROLE_ID, CREATE_BY, CREATE_DATE, LASTUPATE_BY, LASTUPDATE_DATE, ROW_VERSION) VALUES (66, 28, 3, NULL, NULL, NULL, NULL, 1);
INSERT INTO UME_M_MAPPING_AUTH_ROLE (ID, AUTH_ID, ROLE_ID, CREATE_BY, CREATE_DATE, LASTUPATE_BY, LASTUPDATE_DATE, ROW_VERSION) VALUES (67, 29, 1, NULL, NULL, NULL, NULL, 1);
INSERT INTO UME_M_MAPPING_AUTH_ROLE (ID, AUTH_ID, ROLE_ID, CREATE_BY, CREATE_DATE, LASTUPATE_BY, LASTUPDATE_DATE, ROW_VERSION) VALUES (68, 29, 2, NULL, NULL, NULL, NULL, 1);
INSERT INTO UME_M_MAPPING_AUTH_ROLE (ID, AUTH_ID, ROLE_ID, CREATE_BY, CREATE_DATE, LASTUPATE_BY, LASTUPDATE_DATE, ROW_VERSION) VALUES (69, 29, 3, NULL, NULL, NULL, NULL, 1);
INSERT INTO UME_M_MAPPING_AUTH_ROLE (ID, AUTH_ID, ROLE_ID, CREATE_BY, CREATE_DATE, LASTUPATE_BY, LASTUPDATE_DATE, ROW_VERSION) VALUES (70, 30, 1, NULL, NULL, NULL, NULL, 1);
INSERT INTO UME_M_MAPPING_AUTH_ROLE (ID, AUTH_ID, ROLE_ID, CREATE_BY, CREATE_DATE, LASTUPATE_BY, LASTUPDATE_DATE, ROW_VERSION) VALUES (71, 30, 2, NULL, NULL, NULL, NULL, 1);
INSERT INTO UME_M_MAPPING_AUTH_ROLE (ID, AUTH_ID, ROLE_ID, CREATE_BY, CREATE_DATE, LASTUPATE_BY, LASTUPDATE_DATE, ROW_VERSION) VALUES (72, 30, 3, NULL, NULL, NULL, NULL, 1);
INSERT INTO UME_M_MAPPING_AUTH_ROLE (ID, AUTH_ID, ROLE_ID, CREATE_BY, CREATE_DATE, LASTUPATE_BY, LASTUPDATE_DATE, ROW_VERSION) VALUES (73, 31, 1, NULL, NULL, NULL, NULL, 1);
INSERT INTO UME_M_MAPPING_AUTH_ROLE (ID, AUTH_ID, ROLE_ID, CREATE_BY, CREATE_DATE, LASTUPATE_BY, LASTUPDATE_DATE, ROW_VERSION) VALUES (74, 31, 2, NULL, NULL, NULL, NULL, 1);
INSERT INTO UME_M_MAPPING_AUTH_ROLE (ID, AUTH_ID, ROLE_ID, CREATE_BY, CREATE_DATE, LASTUPATE_BY, LASTUPDATE_DATE, ROW_VERSION) VALUES (75, 32, 1, NULL, NULL, NULL, NULL, 1);
INSERT INTO UME_M_MAPPING_AUTH_ROLE (ID, AUTH_ID, ROLE_ID, CREATE_BY, CREATE_DATE, LASTUPATE_BY, LASTUPDATE_DATE, ROW_VERSION) VALUES (76, 32, 2, NULL, NULL, NULL, NULL, 1);
INSERT INTO UME_M_MAPPING_AUTH_ROLE (ID, AUTH_ID, ROLE_ID, CREATE_BY, CREATE_DATE, LASTUPATE_BY, LASTUPDATE_DATE, ROW_VERSION) VALUES (77, 32, 3, NULL, NULL, NULL, NULL, 1);
INSERT INTO UME_M_MAPPING_AUTH_ROLE (ID, AUTH_ID, ROLE_ID, CREATE_BY, CREATE_DATE, LASTUPATE_BY, LASTUPDATE_DATE, ROW_VERSION) VALUES (78, 33, 1, NULL, NULL, NULL, NULL, 1);
INSERT INTO UME_M_MAPPING_AUTH_ROLE (ID, AUTH_ID, ROLE_ID, CREATE_BY, CREATE_DATE, LASTUPATE_BY, LASTUPDATE_DATE, ROW_VERSION) VALUES (79, 33, 2, NULL, NULL, NULL, NULL, 1);
INSERT INTO UME_M_MAPPING_AUTH_ROLE (ID, AUTH_ID, ROLE_ID, CREATE_BY, CREATE_DATE, LASTUPATE_BY, LASTUPDATE_DATE, ROW_VERSION) VALUES (81, 33, 3, NULL, NULL, NULL, NULL, 1);


INSERT INTO UME_M_MAPPING_ROLE_USER (ID, ROLE_ID, USER_ID, CREATE_BY, CREATE_DATE, LASTUPATE_BY, LASTUPDATE_DATE, ROW_VERSION) VALUES (1, 1, 1, NULL, NULL, NULL, NULL, 1);
INSERT INTO UME_M_MAPPING_ROLE_USER (ID, ROLE_ID, USER_ID, CREATE_BY, CREATE_DATE, LASTUPATE_BY, LASTUPDATE_DATE, ROW_VERSION) VALUES (2, 1, 2, NULL, NULL, NULL, NULL, 1);
INSERT INTO UME_M_MAPPING_ROLE_USER (ID, ROLE_ID, USER_ID, CREATE_BY, CREATE_DATE, LASTUPATE_BY, LASTUPDATE_DATE, ROW_VERSION) VALUES (3, 3, 3, NULL, NULL, NULL, NULL, 1);
INSERT INTO UME_M_MAPPING_ROLE_USER (ID, ROLE_ID, USER_ID, CREATE_BY, CREATE_DATE, LASTUPATE_BY, LASTUPDATE_DATE, ROW_VERSION) VALUES (4, 2, 4, NULL, NULL, NULL, NULL, 1);
INSERT INTO UME_M_MAPPING_ROLE_USER (ID, ROLE_ID, USER_ID, CREATE_BY, CREATE_DATE, LASTUPATE_BY, LASTUPDATE_DATE, ROW_VERSION) VALUES (5, 3, 5, NULL, NULL, NULL, NULL, 1);
INSERT INTO UME_M_MAPPING_ROLE_USER (ID, ROLE_ID, USER_ID, CREATE_BY, CREATE_DATE, LASTUPATE_BY, LASTUPDATE_DATE, ROW_VERSION) VALUES (6, 3, 6, NULL, NULL, NULL, NULL, 1);
INSERT INTO UME_M_MAPPING_ROLE_USER (ID, ROLE_ID, USER_ID, CREATE_BY, CREATE_DATE, LASTUPATE_BY, LASTUPDATE_DATE, ROW_VERSION) VALUES (7, 3, 7, NULL, NULL, NULL, NULL, 1);
INSERT INTO UME_M_MAPPING_ROLE_USER (ID, ROLE_ID, USER_ID, CREATE_BY, CREATE_DATE, LASTUPATE_BY, LASTUPDATE_DATE, ROW_VERSION) VALUES (8, 3, 8, NULL, NULL, NULL, NULL, 1);

INSERT INTO UME_M_ROLE (ID, ROLE_CODE, ROLE_NAME, CREATE_BY, CREATE_DATE, LASTUPDATE_BY, LASTUPDATE_DATE, ROW_VERSION) VALUES (1, N'0', N'admin', NULL, NULL, NULL, NULL, 1);
INSERT INTO UME_M_ROLE (ID, ROLE_CODE, ROLE_NAME, CREATE_BY, CREATE_DATE, LASTUPDATE_BY, LASTUPDATE_DATE, ROW_VERSION) VALUES (2, N'1', N'role taksin', NULL, NULL, NULL, NULL, 1);
INSERT INTO UME_M_ROLE (ID, ROLE_CODE, ROLE_NAME, CREATE_BY, CREATE_DATE, LASTUPDATE_BY, LASTUPDATE_DATE, ROW_VERSION) VALUES (3, N'2', N'role nontaburi', NULL, NULL, NULL, NULL, 1);

INSERT INTO UME_M_USER (ID, USER_CODE, USER_NAME, PASSWORD, CREATE_BY, CREATE_DATE, LASTUPDATE_BY, LASTUPDATE_DATE, ROW_VERSION) VALUES (1, N'admin', N'Admin', N'12345', NULL, NULL, NULL, NULL, 2);
INSERT INTO UME_M_USER (ID, USER_CODE, USER_NAME, PASSWORD, CREATE_BY, CREATE_DATE, LASTUPDATE_BY, LASTUPDATE_DATE, ROW_VERSION) VALUES (2, N'q001', N'Chawalit', N'1999', NULL, NULL, NULL, NULL, 1);
INSERT INTO UME_M_USER (ID, USER_CODE, USER_NAME, PASSWORD, CREATE_BY, CREATE_DATE, LASTUPDATE_BY, LASTUPDATE_DATE, ROW_VERSION) VALUES (3, N'q004', N'Nontaburi', N'1999', NULL, NULL, NULL, NULL, 4);
INSERT INTO UME_M_USER (ID, USER_CODE, USER_NAME, PASSWORD, CREATE_BY, CREATE_DATE, LASTUPDATE_BY, LASTUPDATE_DATE, ROW_VERSION) VALUES (4, N'q002', N'Taksin', N'song', NULL, NULL, NULL, NULL, 3);
INSERT INTO UME_M_USER (ID, USER_CODE, USER_NAME, PASSWORD, CREATE_BY, CREATE_DATE, LASTUPDATE_BY, LASTUPDATE_DATE, ROW_VERSION) VALUES (5, N'q004', N'Teller3', N'1999', NULL, NULL, NULL, NULL, 1);
INSERT INTO UME_M_USER (ID, USER_CODE, USER_NAME, PASSWORD, CREATE_BY, CREATE_DATE, LASTUPDATE_BY, LASTUPDATE_DATE, ROW_VERSION) VALUES (6, N'q005', N'Teller4', N'1999', NULL, NULL, NULL, NULL, 1);


