INSERT INTO MWA_M_BRANCH (ID, BRANCH_CODE, BRANCH_TEXT, CREATE_BY, CREATE_DATE, LASTUPDATE_BY, LASTUPDATE_DATE, ROW_VERSION) VALUES (1, '01', 'บางกอกน้อย', NULL, NULL, NULL, NULL, 1);
INSERT INTO MWA_M_BRANCH (ID, BRANCH_CODE, BRANCH_TEXT, CREATE_BY, CREATE_DATE, LASTUPDATE_BY, LASTUPDATE_DATE, ROW_VERSION) VALUES (2, '02', 'ตากสิน', NULL, NULL, NULL, NULL, 1);
INSERT INTO MWA_M_BRANCH (ID, BRANCH_CODE, BRANCH_TEXT, CREATE_BY, CREATE_DATE, LASTUPDATE_BY, LASTUPDATE_DATE, ROW_VERSION) VALUES (3, '03', 'พญาไท', NULL, NULL, NULL, NULL, 1);
INSERT INTO MWA_M_BRANCH (ID, BRANCH_CODE, BRANCH_TEXT, CREATE_BY, CREATE_DATE, LASTUPDATE_BY, LASTUPDATE_DATE, ROW_VERSION) VALUES (4, '04', 'นนทบุรี', NULL, NULL, NULL, NULL, 1);
INSERT INTO MWA_M_BRANCH (ID, BRANCH_CODE, BRANCH_TEXT, CREATE_BY, CREATE_DATE, LASTUPDATE_BY, LASTUPDATE_DATE, ROW_VERSION) VALUES (5, '05', 'ทุ่งมหาเมฆ', NULL, NULL, NULL, NULL, 1);
INSERT INTO MWA_M_BRANCH (ID, BRANCH_CODE, BRANCH_TEXT, CREATE_BY, CREATE_DATE, LASTUPDATE_BY, LASTUPDATE_DATE, ROW_VERSION) VALUES (6, '06', 'แม้นศรี', NULL, NULL, NULL, NULL, 1);
INSERT INTO MWA_M_BRANCH (ID, BRANCH_CODE, BRANCH_TEXT, CREATE_BY, CREATE_DATE, LASTUPDATE_BY, LASTUPDATE_DATE, ROW_VERSION) VALUES (7, '07', 'สุขุมวิท', NULL, NULL, NULL, NULL, 1);
INSERT INTO MWA_M_BRANCH (ID, BRANCH_CODE, BRANCH_TEXT, CREATE_BY, CREATE_DATE, LASTUPDATE_BY, LASTUPDATE_DATE, ROW_VERSION) VALUES (8, '11', 'ภาษีเจริญ', NULL, NULL, NULL, NULL, 1);
INSERT INTO MWA_M_BRANCH (ID, BRANCH_CODE, BRANCH_TEXT, CREATE_BY, CREATE_DATE, LASTUPDATE_BY, LASTUPDATE_DATE, ROW_VERSION) VALUES (9, '12', 'ลาดพร้าว', NULL, NULL, NULL, NULL, 1);
INSERT INTO MWA_M_BRANCH (ID, BRANCH_CODE, BRANCH_TEXT, CREATE_BY, CREATE_DATE, LASTUPDATE_BY, LASTUPDATE_DATE, ROW_VERSION) VALUES (10, '13', 'พระโขนง', NULL, NULL, NULL, NULL, 1);
INSERT INTO MWA_M_BRANCH (ID, BRANCH_CODE, BRANCH_TEXT, CREATE_BY, CREATE_DATE, LASTUPDATE_BY, LASTUPDATE_DATE, ROW_VERSION) VALUES (11, '14', 'สุขสวัสดิ์', NULL, NULL, NULL, NULL, 1);
INSERT INTO MWA_M_BRANCH (ID, BRANCH_CODE, BRANCH_TEXT, CREATE_BY, CREATE_DATE, LASTUPDATE_BY, LASTUPDATE_DATE, ROW_VERSION) VALUES (12, '15', 'ประชาชื่น', NULL, NULL, NULL, NULL, 1);
INSERT INTO MWA_M_BRANCH (ID, BRANCH_CODE, BRANCH_TEXT, CREATE_BY, CREATE_DATE, LASTUPDATE_BY, LASTUPDATE_DATE, ROW_VERSION) VALUES (13, '16', 'บางเขน', NULL, NULL, NULL, NULL, 1);
INSERT INTO MWA_M_BRANCH (ID, BRANCH_CODE, BRANCH_TEXT, CREATE_BY, CREATE_DATE, LASTUPDATE_BY, LASTUPDATE_DATE, ROW_VERSION) VALUES (14, '17', 'สมุทรปราการ', NULL, NULL, NULL, NULL, 1);
INSERT INTO MWA_M_BRANCH (ID, BRANCH_CODE, BRANCH_TEXT, CREATE_BY, CREATE_DATE, LASTUPDATE_BY, LASTUPDATE_DATE, ROW_VERSION) VALUES (15, '53', 'มีนบุรี', NULL, NULL, NULL, NULL, 1);
INSERT INTO MWA_M_BRANCH (ID, BRANCH_CODE, BRANCH_TEXT, CREATE_BY, CREATE_DATE, LASTUPDATE_BY, LASTUPDATE_DATE, ROW_VERSION) VALUES (16, '54', 'บางบัวทอง', NULL, NULL, NULL, NULL, 1);
INSERT INTO MWA_M_BRANCH (ID, BRANCH_CODE, BRANCH_TEXT, CREATE_BY, CREATE_DATE, LASTUPDATE_BY, LASTUPDATE_DATE, ROW_VERSION) VALUES (17, '55', 'สุวรรณภูมิ', NULL, NULL, NULL, NULL, 1);
INSERT INTO MWA_M_BRANCH (ID, BRANCH_CODE, BRANCH_TEXT, CREATE_BY, CREATE_DATE, LASTUPDATE_BY, LASTUPDATE_DATE, ROW_VERSION) VALUES (18, '56', 'มหาสวัสดิ์', NULL, NULL, NULL, NULL, 1);

INSERT INTO MWA_M_WEEK (ID, WEEK_TEXT, START_DATE, END_DATE, NO_OF_WORKDAY, CREATE_BY, CREATE_DATE, LASTUPDATE_BY, LASTUPDATE_DATE, ROW_VERSION) VALUES (1, '1 ม.ค. - 7 ม.ค. 2560', '2017-01-01 00:00:00', '2017-01-07 00:00:00', '5', NULL, NULL, NULL, NULL, 1);
INSERT INTO MWA_M_WEEK (ID, WEEK_TEXT, START_DATE, END_DATE, NO_OF_WORKDAY, CREATE_BY, CREATE_DATE, LASTUPDATE_BY, LASTUPDATE_DATE, ROW_VERSION) VALUES (2, '8 ม.ค. - 14 ม.ค. 2560', '2017-01-08 00:00:00', '2017-01-14 00:00:00', '5', NULL, NULL, NULL, NULL, 1);
INSERT INTO MWA_M_WEEK (ID, WEEK_TEXT, START_DATE, END_DATE, NO_OF_WORKDAY, CREATE_BY, CREATE_DATE, LASTUPDATE_BY, LASTUPDATE_DATE, ROW_VERSION) VALUES (3, '15 ม.ค. - 21 ม.ค. 2560', '2017-01-15 00:00:00', '2017-01-21 00:00:00', '5', NULL, NULL, NULL, NULL, 1);
INSERT INTO MWA_M_WEEK (ID, WEEK_TEXT, START_DATE, END_DATE, NO_OF_WORKDAY, CREATE_BY, CREATE_DATE, LASTUPDATE_BY, LASTUPDATE_DATE, ROW_VERSION) VALUES (4, '22 ม.ค. - 28 ม.ค. 2560', '2017-01-15 00:00:00', '2017-01-21 00:00:00', '5', NULL, NULL, NULL, NULL, 1);
INSERT INTO MWA_M_WEEK (ID, WEEK_TEXT, START_DATE, END_DATE, NO_OF_WORKDAY, CREATE_BY, CREATE_DATE, LASTUPDATE_BY, LASTUPDATE_DATE, ROW_VERSION) VALUES (5, '29 ม.ค. - 4 ก.พ. 2560', '2017-01-15 00:00:00', '2017-01-21 00:00:00', '5', NULL, NULL, NULL, NULL, 1);

INSERT INTO MWA_M_PETITION (ID, BRANCH_ID, WEEK_ID, ACCOUNT_NO, PETITION_NO, PETITION_DATE, CREATE_BY, CREATE_DATE, LASTUPDATE_BY, LASTUPDATE_DATE, ROW_VERSION) VALUES (1, 1, 1, 'A2235', 'P259', '2017-01-01 00:00:00', NULL, NULL, NULL, NULL, 1);
INSERT INTO MWA_M_PETITION (ID, BRANCH_ID, WEEK_ID, ACCOUNT_NO, PETITION_NO, PETITION_DATE, CREATE_BY, CREATE_DATE, LASTUPDATE_BY, LASTUPDATE_DATE, ROW_VERSION) VALUES (2, 7, 1, 'A2165', 'P254', '2017-01-01 00:00:00', NULL, NULL, NULL, NULL, 1);
INSERT INTO MWA_M_PETITION (ID, BRANCH_ID, WEEK_ID, ACCOUNT_NO, PETITION_NO, PETITION_DATE, CREATE_BY, CREATE_DATE, LASTUPDATE_BY, LASTUPDATE_DATE, ROW_VERSION) VALUES (3, 4, 3, 'A1963', 'P252', '2017-01-01 00:00:00', NULL, NULL, NULL, NULL, 1);
INSERT INTO MWA_M_PETITION (ID, BRANCH_ID, WEEK_ID, ACCOUNT_NO, PETITION_NO, PETITION_DATE, CREATE_BY, CREATE_DATE, LASTUPDATE_BY, LASTUPDATE_DATE, ROW_VERSION) VALUES (4, 5, 2, 'A1983', 'P139', '2017-01-01 00:00:00', NULL, NULL, NULL, NULL, 1);
INSERT INTO MWA_M_PETITION (ID, BRANCH_ID, WEEK_ID, ACCOUNT_NO, PETITION_NO, PETITION_DATE, CREATE_BY, CREATE_DATE, LASTUPDATE_BY, LASTUPDATE_DATE, ROW_VERSION) VALUES (5, 12, 4, 'A6647', 'P929', '2017-01-01 00:00:00', NULL, NULL, NULL, NULL, 1);
INSERT INTO MWA_M_PETITION (ID, BRANCH_ID, WEEK_ID, ACCOUNT_NO, PETITION_NO, PETITION_DATE, CREATE_BY, CREATE_DATE, LASTUPDATE_BY, LASTUPDATE_DATE, ROW_VERSION) VALUES (6, 15, 3, 'A1034', 'P1610', '2017-01-01 00:00:00', NULL, NULL, NULL, NULL, 1);
INSERT INTO MWA_M_PETITION (ID, BRANCH_ID, WEEK_ID, ACCOUNT_NO, PETITION_NO, PETITION_DATE, CREATE_BY, CREATE_DATE, LASTUPDATE_BY, LASTUPDATE_DATE, ROW_VERSION) VALUES (7, 17, 3, 'A1030', 'P1640', '2017-01-01 00:00:00', NULL, NULL, NULL, NULL, 1);
INSERT INTO MWA_M_PETITION (ID, BRANCH_ID, WEEK_ID, ACCOUNT_NO, PETITION_NO, PETITION_DATE, CREATE_BY, CREATE_DATE, LASTUPDATE_BY, LASTUPDATE_DATE, ROW_VERSION) VALUES (8, 18, 3, 'A1039', 'P1660', '2017-01-01 00:00:00', NULL, NULL, NULL, NULL, 1);
INSERT INTO MWA_M_PETITION (ID, BRANCH_ID, WEEK_ID, ACCOUNT_NO, PETITION_NO, PETITION_DATE, CREATE_BY, CREATE_DATE, LASTUPDATE_BY, LASTUPDATE_DATE, ROW_VERSION) VALUES (9, 1, 2, 'A2222', 'P429', '2017-01-01 00:00:00', NULL, NULL, NULL, NULL, 1);
INSERT INTO MWA_M_PETITION (ID, BRANCH_ID, WEEK_ID, ACCOUNT_NO, PETITION_NO, PETITION_DATE, CREATE_BY, CREATE_DATE, LASTUPDATE_BY, LASTUPDATE_DATE, ROW_VERSION) VALUES (10, 7, 3, 'A2166', 'P2522', '2017-01-01 00:00:00', NULL, NULL, NULL, NULL, 1);
INSERT INTO MWA_M_PETITION (ID, BRANCH_ID, WEEK_ID, ACCOUNT_NO, PETITION_NO, PETITION_DATE, CREATE_BY, CREATE_DATE, LASTUPDATE_BY, LASTUPDATE_DATE, ROW_VERSION) VALUES (11, 4, 5, 'A1971', 'P254', '2017-01-01 00:00:00', NULL, NULL, NULL, NULL, 1);
INSERT INTO MWA_M_PETITION (ID, BRANCH_ID, WEEK_ID, ACCOUNT_NO, PETITION_NO, PETITION_DATE, CREATE_BY, CREATE_DATE, LASTUPDATE_BY, LASTUPDATE_DATE, ROW_VERSION) VALUES (12, 4, 4, 'A1958', 'P1539', '2017-01-01 00:00:00', NULL, NULL, NULL, NULL, 1);
INSERT INTO MWA_M_PETITION (ID, BRANCH_ID, WEEK_ID, ACCOUNT_NO, PETITION_NO, PETITION_DATE, CREATE_BY, CREATE_DATE, LASTUPDATE_BY, LASTUPDATE_DATE, ROW_VERSION) VALUES (13, 4, 4, 'A1969', 'P134', '2017-01-01 00:00:00', NULL, NULL, NULL, NULL, 1);
INSERT INTO MWA_M_PETITION (ID, BRANCH_ID, WEEK_ID, ACCOUNT_NO, PETITION_NO, PETITION_DATE, CREATE_BY, CREATE_DATE, LASTUPDATE_BY, LASTUPDATE_DATE, ROW_VERSION) VALUES (14, 4, 4, 'A1999', 'P160', '2017-01-01 00:00:00', NULL, NULL, NULL, NULL, 1);
INSERT INTO MWA_M_PETITION (ID, BRANCH_ID, WEEK_ID, ACCOUNT_NO, PETITION_NO, PETITION_DATE, CREATE_BY, CREATE_DATE, LASTUPDATE_BY, LASTUPDATE_DATE, ROW_VERSION) VALUES (15, 4, 4, 'A2016', 'P1996', '2017-01-01 00:00:00', NULL, NULL, NULL, NULL, 1);

INSERT INTO STD_M_ERROR (ID, ERROR_CODE, ERROR_TEXT, SEVERITY, CREATE_BY, CREATE_DATE, LASTUPDATE_BY, LASTUPDATE_DATE, ROW_VERSION) VALUES (1, 'ERR-01', 'Bad Request', 'ERROR', NULL, NULL, NULL, NULL, 1);
INSERT INTO STD_M_ERROR (ID, ERROR_CODE, ERROR_TEXT, SEVERITY, CREATE_BY, CREATE_DATE, LASTUPDATE_BY, LASTUPDATE_DATE, ROW_VERSION) VALUES (2, 'ERR-02', 'Incorrect Parameters', 'ERROR', NULL, NULL, NULL, NULL, 1);

INSERT INTO FMW_M_PARAMETER (ID, PARAMETER_CODE, PARAMETER_VALUE, CREATE_BY, CREATE_DATE, LASTUPDATE_BY, LASTUPDATE_DATE, ROW_VERSION) VALUES (1, 'PAGE_SIZE', '4', NULL, NULL, NULL, NULL, 1);
INSERT INTO FMW_M_PARAMETER (ID, PARAMETER_CODE, PARAMETER_VALUE, CREATE_BY, CREATE_DATE, LASTUPDATE_BY, LASTUPDATE_DATE, ROW_VERSION) VALUES (2, 'MAX_PETITION_PER_DAY_LOW', '1', NULL, NULL, NULL, NULL, 1);
INSERT INTO FMW_M_PARAMETER (ID, PARAMETER_CODE, PARAMETER_VALUE, CREATE_BY, CREATE_DATE, LASTUPDATE_BY, LASTUPDATE_DATE, ROW_VERSION) VALUES (3, 'MAX_PETITION_PER_DAY_HIGH', '3', NULL, NULL, NULL, NULL, 1);
INSERT INTO FMW_M_PARAMETER (ID, PARAMETER_CODE, PARAMETER_VALUE, CREATE_BY, CREATE_DATE, LASTUPDATE_BY, LASTUPDATE_DATE, ROW_VERSION) VALUES (4, 'LOW_WORKDAY_THRESHOLD', '3', NULL, NULL, NULL, NULL, 1);

INSERT INTO UME_M_AUTH_OBJECT (ID, AUTH_OBJECT_CODE, AUTH_OBJECT_NAME, AUTH_FIELD_1, AUTH_FIELD_2, AUTH_FIELD_3, AUTH_FIELD_4, AUTH_FIELD_5, CREATE_BY, CREATE_DATE, LASTUPATE_BY, LASTUPDATE_DATE, ROW_VERSION) VALUES (1, N'ZO002', N'CheckScreen', NULL, NULL, NULL, NULL, NULL, NULL, NULL, NULL, NULL, 1);
INSERT INTO UME_M_AUTH_OBJECT (ID, AUTH_OBJECT_CODE, AUTH_OBJECT_NAME, AUTH_FIELD_1, AUTH_FIELD_2, AUTH_FIELD_3, AUTH_FIELD_4, AUTH_FIELD_5, CREATE_BY, CREATE_DATE, LASTUPATE_BY, LASTUPDATE_DATE, ROW_VERSION) VALUES (2, N'ZO003', N'void', NULL, NULL, NULL, NULL, NULL, NULL, NULL, NULL, NULL, 1);
INSERT INTO UME_M_AUTH_OBJECT (ID, AUTH_OBJECT_CODE, AUTH_OBJECT_NAME, AUTH_FIELD_1, AUTH_FIELD_2, AUTH_FIELD_3, AUTH_FIELD_4, AUTH_FIELD_5, CREATE_BY, CREATE_DATE, LASTUPATE_BY, LASTUPDATE_DATE, ROW_VERSION) VALUES (3, N'ZO004', N'adjust', NULL, NULL, NULL, NULL, NULL, NULL, NULL, NULL, NULL, 1);
INSERT INTO UME_M_AUTH_OBJECT (ID, AUTH_OBJECT_CODE, AUTH_OBJECT_NAME, AUTH_FIELD_1, AUTH_FIELD_2, AUTH_FIELD_3, AUTH_FIELD_4, AUTH_FIELD_5, CREATE_BY, CREATE_DATE, LASTUPATE_BY, LASTUPDATE_DATE, ROW_VERSION) VALUES (4, N'ZO005', N'TxLimit', NULL, NULL, NULL, NULL, NULL, NULL, NULL, NULL, NULL, 1);

INSERT INTO UME_M_AUTHORIZATION (ID, AUTH_CODE, AUTH_NAME, AUTH_OBJECT_CODE, AUTH_FIELD_1_VALUE_FROM, AUTH_FIELD_1_VALUE_TO, AUTH_FIELD_2_VALUE_FROM, AUTH_FIELD_2_VALUE_TO, AUTH_FIELD_3_VALUE_FROM, AUTH_FIELD_3_VALUE_TO, AUTH_FIELD_4_VALUE_FROM, AUTH_FIELD_4_VALUE_TO, AUTH_FIELD_5_VALUE_FROM, AUTH_FIELD_5_VALUE_TO, CREATE_BY, CREATE_DATE, LASTUPDATE_BY, LASTUPDATE_DATE, ROW_VERSION) VALUES (1, N'S0001', N'Sell-Buy', N'ZO002', N'/exchangeRequest/exchangeRequestEntry.html', N'/exchangeRequest/exchangeRequestEntry.html', NULL, NULL, NULL, NULL, NULL, NULL, NULL, NULL, NULL, NULL, NULL, NULL, 1);
INSERT INTO UME_M_AUTHORIZATION (ID, AUTH_CODE, AUTH_NAME, AUTH_OBJECT_CODE, AUTH_FIELD_1_VALUE_FROM, AUTH_FIELD_1_VALUE_TO, AUTH_FIELD_2_VALUE_FROM, AUTH_FIELD_2_VALUE_TO, AUTH_FIELD_3_VALUE_FROM, AUTH_FIELD_3_VALUE_TO, AUTH_FIELD_4_VALUE_FROM, AUTH_FIELD_4_VALUE_TO, AUTH_FIELD_5_VALUE_FROM, AUTH_FIELD_5_VALUE_TO, CREATE_BY, CREATE_DATE, LASTUPDATE_BY, LASTUPDATE_DATE, ROW_VERSION) VALUES (2, N'S0002', N'Exchange-LCD', N'ZO002', N'/exchangeRate/exchangeRateLCD.html', N'/exchangeRate/exchangeRateLCD.html', NULL, NULL, NULL, NULL, NULL, NULL, NULL, NULL, NULL, NULL, NULL, NULL, 1);
INSERT INTO UME_M_AUTHORIZATION (ID, AUTH_CODE, AUTH_NAME, AUTH_OBJECT_CODE, AUTH_FIELD_1_VALUE_FROM, AUTH_FIELD_1_VALUE_TO, AUTH_FIELD_2_VALUE_FROM, AUTH_FIELD_2_VALUE_TO, AUTH_FIELD_3_VALUE_FROM, AUTH_FIELD_3_VALUE_TO, AUTH_FIELD_4_VALUE_FROM, AUTH_FIELD_4_VALUE_TO, AUTH_FIELD_5_VALUE_FROM, AUTH_FIELD_5_VALUE_TO, CREATE_BY, CREATE_DATE, LASTUPDATE_BY, LASTUPDATE_DATE, ROW_VERSION) VALUES (3, N'S0003', N'ExchangeRate', N'ZO002', N'/exchangeRate/exchangeRateEntry.html', N'/exchangeRate/exchangeRateEntry.html', NULL, NULL, NULL, NULL, NULL, NULL, NULL, NULL, NULL, NULL, NULL, NULL, 1);
INSERT INTO UME_M_AUTHORIZATION (ID, AUTH_CODE, AUTH_NAME, AUTH_OBJECT_CODE, AUTH_FIELD_1_VALUE_FROM, AUTH_FIELD_1_VALUE_TO, AUTH_FIELD_2_VALUE_FROM, AUTH_FIELD_2_VALUE_TO, AUTH_FIELD_3_VALUE_FROM, AUTH_FIELD_3_VALUE_TO, AUTH_FIELD_4_VALUE_FROM, AUTH_FIELD_4_VALUE_TO, AUTH_FIELD_5_VALUE_FROM, AUTH_FIELD_5_VALUE_TO, CREATE_BY, CREATE_DATE, LASTUPDATE_BY, LASTUPDATE_DATE, ROW_VERSION) VALUES (4, N'S0004', N'Sell-Buy Search', N'ZO002', N'/exchangeRequest/exchangeRequestSearch.html', N'/exchangeRequest/exchangeRequestSearch.html', NULL, NULL, NULL, NULL, NULL, NULL, NULL, NULL, NULL, NULL, NULL, NULL, 1);
INSERT INTO UME_M_AUTHORIZATION (ID, AUTH_CODE, AUTH_NAME, AUTH_OBJECT_CODE, AUTH_FIELD_1_VALUE_FROM, AUTH_FIELD_1_VALUE_TO, AUTH_FIELD_2_VALUE_FROM, AUTH_FIELD_2_VALUE_TO, AUTH_FIELD_3_VALUE_FROM, AUTH_FIELD_3_VALUE_TO, AUTH_FIELD_4_VALUE_FROM, AUTH_FIELD_4_VALUE_TO, AUTH_FIELD_5_VALUE_FROM, AUTH_FIELD_5_VALUE_TO, CREATE_BY, CREATE_DATE, LASTUPDATE_BY, LASTUPDATE_DATE, ROW_VERSION) VALUES (5, N'S0005', N'UmeChangePassword', N'ZO002', N'/umeMaster/umeChangePassword.html', N'/umeMaster/umeChangePassword.html', NULL, NULL, NULL, NULL, NULL, NULL, NULL, NULL, NULL, NULL, NULL, NULL, 1);
INSERT INTO UME_M_AUTHORIZATION (ID, AUTH_CODE, AUTH_NAME, AUTH_OBJECT_CODE, AUTH_FIELD_1_VALUE_FROM, AUTH_FIELD_1_VALUE_TO, AUTH_FIELD_2_VALUE_FROM, AUTH_FIELD_2_VALUE_TO, AUTH_FIELD_3_VALUE_FROM, AUTH_FIELD_3_VALUE_TO, AUTH_FIELD_4_VALUE_FROM, AUTH_FIELD_4_VALUE_TO, AUTH_FIELD_5_VALUE_FROM, AUTH_FIELD_5_VALUE_TO, CREATE_BY, CREATE_DATE, LASTUPDATE_BY, LASTUPDATE_DATE, ROW_VERSION) VALUES (6, N'S0006', N'UmeRoleSearch', N'ZO002', N'/umeMaster/umeRoleSearch.html', N'/umeMaster/umeRoleSearch.html', NULL, NULL, NULL, NULL, NULL, NULL, NULL, NULL, NULL, NULL, NULL, NULL, 1);
INSERT INTO UME_M_AUTHORIZATION (ID, AUTH_CODE, AUTH_NAME, AUTH_OBJECT_CODE, AUTH_FIELD_1_VALUE_FROM, AUTH_FIELD_1_VALUE_TO, AUTH_FIELD_2_VALUE_FROM, AUTH_FIELD_2_VALUE_TO, AUTH_FIELD_3_VALUE_FROM, AUTH_FIELD_3_VALUE_TO, AUTH_FIELD_4_VALUE_FROM, AUTH_FIELD_4_VALUE_TO, AUTH_FIELD_5_VALUE_FROM, AUTH_FIELD_5_VALUE_TO, CREATE_BY, CREATE_DATE, LASTUPDATE_BY, LASTUPDATE_DATE, ROW_VERSION) VALUES (7, N'S0007', N'UmeUserEdit', N'ZO002', N'/umeMaster/umeUserEdit.html', N'/umeMaster/umeUserEdit.html', NULL, NULL, NULL, NULL, NULL, NULL, NULL, NULL, NULL, NULL, NULL, NULL, 1);
INSERT INTO UME_M_AUTHORIZATION (ID, AUTH_CODE, AUTH_NAME, AUTH_OBJECT_CODE, AUTH_FIELD_1_VALUE_FROM, AUTH_FIELD_1_VALUE_TO, AUTH_FIELD_2_VALUE_FROM, AUTH_FIELD_2_VALUE_TO, AUTH_FIELD_3_VALUE_FROM, AUTH_FIELD_3_VALUE_TO, AUTH_FIELD_4_VALUE_FROM, AUTH_FIELD_4_VALUE_TO, AUTH_FIELD_5_VALUE_FROM, AUTH_FIELD_5_VALUE_TO, CREATE_BY, CREATE_DATE, LASTUPDATE_BY, LASTUPDATE_DATE, ROW_VERSION) VALUES (8, N'S0008', N'UmeUserEntry', N'ZO002', N'/umeMaster/umeUserEntry.html', N'/umeMaster/umeUserEntry.html', NULL, NULL, NULL, NULL, NULL, NULL, NULL, NULL, NULL, NULL, NULL, NULL, 1);
INSERT INTO UME_M_AUTHORIZATION (ID, AUTH_CODE, AUTH_NAME, AUTH_OBJECT_CODE, AUTH_FIELD_1_VALUE_FROM, AUTH_FIELD_1_VALUE_TO, AUTH_FIELD_2_VALUE_FROM, AUTH_FIELD_2_VALUE_TO, AUTH_FIELD_3_VALUE_FROM, AUTH_FIELD_3_VALUE_TO, AUTH_FIELD_4_VALUE_FROM, AUTH_FIELD_4_VALUE_TO, AUTH_FIELD_5_VALUE_FROM, AUTH_FIELD_5_VALUE_TO, CREATE_BY, CREATE_DATE, LASTUPDATE_BY, LASTUPDATE_DATE, ROW_VERSION) VALUES (9, N'S0009', N'UmeUserSearch', N'ZO002', N'/umeMaster/umeUserSearch.html', N'/umeMaster/umeUserSearch.html', NULL, NULL, NULL, NULL, NULL, NULL, NULL, NULL, NULL, NULL, NULL, NULL, 1);
INSERT INTO UME_M_AUTHORIZATION (ID, AUTH_CODE, AUTH_NAME, AUTH_OBJECT_CODE, AUTH_FIELD_1_VALUE_FROM, AUTH_FIELD_1_VALUE_TO, AUTH_FIELD_2_VALUE_FROM, AUTH_FIELD_2_VALUE_TO, AUTH_FIELD_3_VALUE_FROM, AUTH_FIELD_3_VALUE_TO, AUTH_FIELD_4_VALUE_FROM, AUTH_FIELD_4_VALUE_TO, AUTH_FIELD_5_VALUE_FROM, AUTH_FIELD_5_VALUE_TO, CREATE_BY, CREATE_DATE, LASTUPDATE_BY, LASTUPDATE_DATE, ROW_VERSION) VALUES (10, N'S0010', N'PrintSlip1', N'ZO002', N'/printSlip/slip1.html', N'/printSlip/slip1.html', NULL, NULL, NULL, NULL, NULL, NULL, NULL, NULL, NULL, NULL, NULL, NULL, 1);
INSERT INTO UME_M_AUTHORIZATION (ID, AUTH_CODE, AUTH_NAME, AUTH_OBJECT_CODE, AUTH_FIELD_1_VALUE_FROM, AUTH_FIELD_1_VALUE_TO, AUTH_FIELD_2_VALUE_FROM, AUTH_FIELD_2_VALUE_TO, AUTH_FIELD_3_VALUE_FROM, AUTH_FIELD_3_VALUE_TO, AUTH_FIELD_4_VALUE_FROM, AUTH_FIELD_4_VALUE_TO, AUTH_FIELD_5_VALUE_FROM, AUTH_FIELD_5_VALUE_TO, CREATE_BY, CREATE_DATE, LASTUPDATE_BY, LASTUPDATE_DATE, ROW_VERSION) VALUES (11, N'S0011', N'PrintSlip2', N'ZO002', N'/printSlip/slip2.html', N'/printSlip/slip2.html', NULL, NULL, NULL, NULL, NULL, NULL, NULL, NULL, NULL, NULL, NULL, NULL, 1);
INSERT INTO UME_M_AUTHORIZATION (ID, AUTH_CODE, AUTH_NAME, AUTH_OBJECT_CODE, AUTH_FIELD_1_VALUE_FROM, AUTH_FIELD_1_VALUE_TO, AUTH_FIELD_2_VALUE_FROM, AUTH_FIELD_2_VALUE_TO, AUTH_FIELD_3_VALUE_FROM, AUTH_FIELD_3_VALUE_TO, AUTH_FIELD_4_VALUE_FROM, AUTH_FIELD_4_VALUE_TO, AUTH_FIELD_5_VALUE_FROM, AUTH_FIELD_5_VALUE_TO, CREATE_BY, CREATE_DATE, LASTUPDATE_BY, LASTUPDATE_DATE, ROW_VERSION) VALUES (12, N'S0012', N'Void', N'ZO003', NULL, NULL, NULL, NULL, NULL, NULL, NULL, NULL, NULL, NULL, NULL, NULL, NULL, NULL, 1);
INSERT INTO UME_M_AUTHORIZATION (ID, AUTH_CODE, AUTH_NAME, AUTH_OBJECT_CODE, AUTH_FIELD_1_VALUE_FROM, AUTH_FIELD_1_VALUE_TO, AUTH_FIELD_2_VALUE_FROM, AUTH_FIELD_2_VALUE_TO, AUTH_FIELD_3_VALUE_FROM, AUTH_FIELD_3_VALUE_TO, AUTH_FIELD_4_VALUE_FROM, AUTH_FIELD_4_VALUE_TO, AUTH_FIELD_5_VALUE_FROM, AUTH_FIELD_5_VALUE_TO, CREATE_BY, CREATE_DATE, LASTUPDATE_BY, LASTUPDATE_DATE, ROW_VERSION) VALUES (13, N'S0013', N'ReportBuySell', N'ZO002', N'/report/reportBuySell.html', N'/report/reportBuySell.html', NULL, NULL, NULL, NULL, NULL, NULL, NULL, NULL, NULL, NULL, NULL, NULL, 1);
INSERT INTO UME_M_AUTHORIZATION (ID, AUTH_CODE, AUTH_NAME, AUTH_OBJECT_CODE, AUTH_FIELD_1_VALUE_FROM, AUTH_FIELD_1_VALUE_TO, AUTH_FIELD_2_VALUE_FROM, AUTH_FIELD_2_VALUE_TO, AUTH_FIELD_3_VALUE_FROM, AUTH_FIELD_3_VALUE_TO, AUTH_FIELD_4_VALUE_FROM, AUTH_FIELD_4_VALUE_TO, AUTH_FIELD_5_VALUE_FROM, AUTH_FIELD_5_VALUE_TO, CREATE_BY, CREATE_DATE, LASTUPDATE_BY, LASTUPDATE_DATE, ROW_VERSION) VALUES (14, N'S0014', N'ReportChangeRate', N'ZO002', N'/report/reportChangeRate.html', N'/report/reportChangeRate.html', NULL, NULL, NULL, NULL, NULL, NULL, NULL, NULL, NULL, NULL, NULL, NULL, 1);
INSERT INTO UME_M_AUTHORIZATION (ID, AUTH_CODE, AUTH_NAME, AUTH_OBJECT_CODE, AUTH_FIELD_1_VALUE_FROM, AUTH_FIELD_1_VALUE_TO, AUTH_FIELD_2_VALUE_FROM, AUTH_FIELD_2_VALUE_TO, AUTH_FIELD_3_VALUE_FROM, AUTH_FIELD_3_VALUE_TO, AUTH_FIELD_4_VALUE_FROM, AUTH_FIELD_4_VALUE_TO, AUTH_FIELD_5_VALUE_FROM, AUTH_FIELD_5_VALUE_TO, CREATE_BY, CREATE_DATE, LASTUPDATE_BY, LASTUPDATE_DATE, ROW_VERSION) VALUES (15, N'S0015', N'ReportStockBalance', N'ZO002', N'/report/reportStockBalance.html', N'/report/reportStockBalance.html', NULL, NULL, NULL, NULL, NULL, NULL, NULL, NULL, NULL, NULL, NULL, NULL, 1);
INSERT INTO UME_M_AUTHORIZATION (ID, AUTH_CODE, AUTH_NAME, AUTH_OBJECT_CODE, AUTH_FIELD_1_VALUE_FROM, AUTH_FIELD_1_VALUE_TO, AUTH_FIELD_2_VALUE_FROM, AUTH_FIELD_2_VALUE_TO, AUTH_FIELD_3_VALUE_FROM, AUTH_FIELD_3_VALUE_TO, AUTH_FIELD_4_VALUE_FROM, AUTH_FIELD_4_VALUE_TO, AUTH_FIELD_5_VALUE_FROM, AUTH_FIELD_5_VALUE_TO, CREATE_BY, CREATE_DATE, LASTUPDATE_BY, LASTUPDATE_DATE, ROW_VERSION) VALUES (16, N'S0016', N'ReportStockConciliation', N'ZO002', N'/report/reportStockReconciliation.html', N'/report/reportStockReconciliation.html', NULL, NULL, NULL, NULL, NULL, NULL, NULL, NULL, NULL, NULL, NULL, NULL, 1);
INSERT INTO UME_M_AUTHORIZATION (ID, AUTH_CODE, AUTH_NAME, AUTH_OBJECT_CODE, AUTH_FIELD_1_VALUE_FROM, AUTH_FIELD_1_VALUE_TO, AUTH_FIELD_2_VALUE_FROM, AUTH_FIELD_2_VALUE_TO, AUTH_FIELD_3_VALUE_FROM, AUTH_FIELD_3_VALUE_TO, AUTH_FIELD_4_VALUE_FROM, AUTH_FIELD_4_VALUE_TO, AUTH_FIELD_5_VALUE_FROM, AUTH_FIELD_5_VALUE_TO, CREATE_BY, CREATE_DATE, LASTUPDATE_BY, LASTUPDATE_DATE, ROW_VERSION) VALUES (17, N'S0017', N'ReportStockCount', N'ZO002', N'/report/reportStockCount.html', N'/report/reportStockCount.html', NULL, NULL, NULL, NULL, NULL, NULL, NULL, NULL, NULL, NULL, NULL, NULL, 1);
INSERT INTO UME_M_AUTHORIZATION (ID, AUTH_CODE, AUTH_NAME, AUTH_OBJECT_CODE, AUTH_FIELD_1_VALUE_FROM, AUTH_FIELD_1_VALUE_TO, AUTH_FIELD_2_VALUE_FROM, AUTH_FIELD_2_VALUE_TO, AUTH_FIELD_3_VALUE_FROM, AUTH_FIELD_3_VALUE_TO, AUTH_FIELD_4_VALUE_FROM, AUTH_FIELD_4_VALUE_TO, AUTH_FIELD_5_VALUE_FROM, AUTH_FIELD_5_VALUE_TO, CREATE_BY, CREATE_DATE, LASTUPDATE_BY, LASTUPDATE_DATE, ROW_VERSION) VALUES (18, N'S0018', N'ReportStockCountCurrency', N'ZO002', N'/report/reportStockCountCurrency.html', N'/report/reportStockCountCurrency.html', NULL, NULL, NULL, NULL, NULL, NULL, NULL, NULL, NULL, NULL, NULL, NULL, 1);
INSERT INTO UME_M_AUTHORIZATION (ID, AUTH_CODE, AUTH_NAME, AUTH_OBJECT_CODE, AUTH_FIELD_1_VALUE_FROM, AUTH_FIELD_1_VALUE_TO, AUTH_FIELD_2_VALUE_FROM, AUTH_FIELD_2_VALUE_TO, AUTH_FIELD_3_VALUE_FROM, AUTH_FIELD_3_VALUE_TO, AUTH_FIELD_4_VALUE_FROM, AUTH_FIELD_4_VALUE_TO, AUTH_FIELD_5_VALUE_FROM, AUTH_FIELD_5_VALUE_TO, CREATE_BY, CREATE_DATE, LASTUPDATE_BY, LASTUPDATE_DATE, ROW_VERSION) VALUES (19, N'S0019', N'MemberEntry', N'ZO002', N'/member/memberEntry.html', N'/member/memberEntry.html', NULL, NULL, NULL, NULL, NULL, NULL, NULL, NULL, NULL, NULL, NULL, NULL, 1);
INSERT INTO UME_M_AUTHORIZATION (ID, AUTH_CODE, AUTH_NAME, AUTH_OBJECT_CODE, AUTH_FIELD_1_VALUE_FROM, AUTH_FIELD_1_VALUE_TO, AUTH_FIELD_2_VALUE_FROM, AUTH_FIELD_2_VALUE_TO, AUTH_FIELD_3_VALUE_FROM, AUTH_FIELD_3_VALUE_TO, AUTH_FIELD_4_VALUE_FROM, AUTH_FIELD_4_VALUE_TO, AUTH_FIELD_5_VALUE_FROM, AUTH_FIELD_5_VALUE_TO, CREATE_BY, CREATE_DATE, LASTUPDATE_BY, LASTUPDATE_DATE, ROW_VERSION) VALUES (20, N'S0020', N'MemberSearch', N'ZO002', N'/member/memberSearch.html', N'/member/memberSearch.html', NULL, NULL, NULL, NULL, NULL, NULL, NULL, NULL, NULL, NULL, NULL, NULL, 1);
INSERT INTO UME_M_AUTHORIZATION (ID, AUTH_CODE, AUTH_NAME, AUTH_OBJECT_CODE, AUTH_FIELD_1_VALUE_FROM, AUTH_FIELD_1_VALUE_TO, AUTH_FIELD_2_VALUE_FROM, AUTH_FIELD_2_VALUE_TO, AUTH_FIELD_3_VALUE_FROM, AUTH_FIELD_3_VALUE_TO, AUTH_FIELD_4_VALUE_FROM, AUTH_FIELD_4_VALUE_TO, AUTH_FIELD_5_VALUE_FROM, AUTH_FIELD_5_VALUE_TO, CREATE_BY, CREATE_DATE, LASTUPDATE_BY, LASTUPDATE_DATE, ROW_VERSION) VALUES (21, N'S0021', N'MemberSearchModal', N'ZO002', N'/member/memberSearchModal.html', N'/member/memberSearchModal.html', NULL, NULL, NULL, NULL, NULL, NULL, NULL, NULL, NULL, NULL, NULL, NULL, 1);
INSERT INTO UME_M_AUTHORIZATION (ID, AUTH_CODE, AUTH_NAME, AUTH_OBJECT_CODE, AUTH_FIELD_1_VALUE_FROM, AUTH_FIELD_1_VALUE_TO, AUTH_FIELD_2_VALUE_FROM, AUTH_FIELD_2_VALUE_TO, AUTH_FIELD_3_VALUE_FROM, AUTH_FIELD_3_VALUE_TO, AUTH_FIELD_4_VALUE_FROM, AUTH_FIELD_4_VALUE_TO, AUTH_FIELD_5_VALUE_FROM, AUTH_FIELD_5_VALUE_TO, CREATE_BY, CREATE_DATE, LASTUPDATE_BY, LASTUPDATE_DATE, ROW_VERSION) VALUES (22, N'S0022', N'ExchangeBalanceEntry', N'ZO002', N'/exchangeBalance/exchangeBalanceEntry.html', N'/exchangeBalance/exchangeBalanceEntry.html', NULL, NULL, NULL, NULL, NULL, NULL, NULL, NULL, NULL, NULL, NULL, NULL, 1);
INSERT INTO UME_M_AUTHORIZATION (ID, AUTH_CODE, AUTH_NAME, AUTH_OBJECT_CODE, AUTH_FIELD_1_VALUE_FROM, AUTH_FIELD_1_VALUE_TO, AUTH_FIELD_2_VALUE_FROM, AUTH_FIELD_2_VALUE_TO, AUTH_FIELD_3_VALUE_FROM, AUTH_FIELD_3_VALUE_TO, AUTH_FIELD_4_VALUE_FROM, AUTH_FIELD_4_VALUE_TO, AUTH_FIELD_5_VALUE_FROM, AUTH_FIELD_5_VALUE_TO, CREATE_BY, CREATE_DATE, LASTUPDATE_BY, LASTUPDATE_DATE, ROW_VERSION) VALUES (23, N'S0023', N'PrintExchangeRate', N'ZO002', N'/exchangeRate/printExchangeRate.html', N'/exchangeRate/printExchangeRate.html', NULL, NULL, NULL, NULL, NULL, NULL, NULL, NULL, NULL, NULL, NULL, NULL, 1);
INSERT INTO UME_M_AUTHORIZATION (ID, AUTH_CODE, AUTH_NAME, AUTH_OBJECT_CODE, AUTH_FIELD_1_VALUE_FROM, AUTH_FIELD_1_VALUE_TO, AUTH_FIELD_2_VALUE_FROM, AUTH_FIELD_2_VALUE_TO, AUTH_FIELD_3_VALUE_FROM, AUTH_FIELD_3_VALUE_TO, AUTH_FIELD_4_VALUE_FROM, AUTH_FIELD_4_VALUE_TO, AUTH_FIELD_5_VALUE_FROM, AUTH_FIELD_5_VALUE_TO, CREATE_BY, CREATE_DATE, LASTUPDATE_BY, LASTUPDATE_DATE, ROW_VERSION) VALUES (24, N'S0024', N'ExchangeBalanceSearch', N'ZO002', N'/exchangeBalance/exchangeBalanceSearch.html', N'/exchangeBalance/exchangeBalanceSearch.html', NULL, NULL, NULL, NULL, NULL, NULL, NULL, NULL, NULL, NULL, NULL, NULL, 1);
INSERT INTO UME_M_AUTHORIZATION (ID, AUTH_CODE, AUTH_NAME, AUTH_OBJECT_CODE, AUTH_FIELD_1_VALUE_FROM, AUTH_FIELD_1_VALUE_TO, AUTH_FIELD_2_VALUE_FROM, AUTH_FIELD_2_VALUE_TO, AUTH_FIELD_3_VALUE_FROM, AUTH_FIELD_3_VALUE_TO, AUTH_FIELD_4_VALUE_FROM, AUTH_FIELD_4_VALUE_TO, AUTH_FIELD_5_VALUE_FROM, AUTH_FIELD_5_VALUE_TO, CREATE_BY, CREATE_DATE, LASTUPDATE_BY, LASTUPDATE_DATE, ROW_VERSION) VALUES (25, N'S0025', N'Adjust', N'ZO004', NULL, NULL, NULL, NULL, NULL, NULL, NULL, NULL, NULL, NULL, NULL, NULL, NULL, NULL, 1);
INSERT INTO UME_M_AUTHORIZATION (ID, AUTH_CODE, AUTH_NAME, AUTH_OBJECT_CODE, AUTH_FIELD_1_VALUE_FROM, AUTH_FIELD_1_VALUE_TO, AUTH_FIELD_2_VALUE_FROM, AUTH_FIELD_2_VALUE_TO, AUTH_FIELD_3_VALUE_FROM, AUTH_FIELD_3_VALUE_TO, AUTH_FIELD_4_VALUE_FROM, AUTH_FIELD_4_VALUE_TO, AUTH_FIELD_5_VALUE_FROM, AUTH_FIELD_5_VALUE_TO, CREATE_BY, CREATE_DATE, LASTUPDATE_BY, LASTUPDATE_DATE, ROW_VERSION) VALUES (26, N'S0026', N'MemberEntryModal', N'ZO002', N'/member/memberEntryModal.html', N'/member/memberEntryModal.html', NULL, NULL, NULL, NULL, NULL, NULL, NULL, NULL, NULL, NULL, NULL, NULL, 1);
INSERT INTO UME_M_AUTHORIZATION (ID, AUTH_CODE, AUTH_NAME, AUTH_OBJECT_CODE, AUTH_FIELD_1_VALUE_FROM, AUTH_FIELD_1_VALUE_TO, AUTH_FIELD_2_VALUE_FROM, AUTH_FIELD_2_VALUE_TO, AUTH_FIELD_3_VALUE_FROM, AUTH_FIELD_3_VALUE_TO, AUTH_FIELD_4_VALUE_FROM, AUTH_FIELD_4_VALUE_TO, AUTH_FIELD_5_VALUE_FROM, AUTH_FIELD_5_VALUE_TO, CREATE_BY, CREATE_DATE, LASTUPDATE_BY, LASTUPDATE_DATE, ROW_VERSION) VALUES (27, N'S0027', N'PrintSlip1Buy', N'ZO002', N'/printSlip/slip1Buy.html', N'/printSlip/slip1Buy.html', NULL, NULL, NULL, NULL, NULL, NULL, NULL, NULL, NULL, NULL, NULL, NULL, 1);
INSERT INTO UME_M_AUTHORIZATION (ID, AUTH_CODE, AUTH_NAME, AUTH_OBJECT_CODE, AUTH_FIELD_1_VALUE_FROM, AUTH_FIELD_1_VALUE_TO, AUTH_FIELD_2_VALUE_FROM, AUTH_FIELD_2_VALUE_TO, AUTH_FIELD_3_VALUE_FROM, AUTH_FIELD_3_VALUE_TO, AUTH_FIELD_4_VALUE_FROM, AUTH_FIELD_4_VALUE_TO, AUTH_FIELD_5_VALUE_FROM, AUTH_FIELD_5_VALUE_TO, CREATE_BY, CREATE_DATE, LASTUPDATE_BY, LASTUPDATE_DATE, ROW_VERSION) VALUES (28, N'S0028', N'PrintSlip1Sell', N'ZO002', N'/printSlip/slip1Sell.html', N'/printSlip/slip1Sell.html', NULL, NULL, NULL, NULL, NULL, NULL, NULL, NULL, NULL, NULL, NULL, NULL, 1);
INSERT INTO UME_M_AUTHORIZATION (ID, AUTH_CODE, AUTH_NAME, AUTH_OBJECT_CODE, AUTH_FIELD_1_VALUE_FROM, AUTH_FIELD_1_VALUE_TO, AUTH_FIELD_2_VALUE_FROM, AUTH_FIELD_2_VALUE_TO, AUTH_FIELD_3_VALUE_FROM, AUTH_FIELD_3_VALUE_TO, AUTH_FIELD_4_VALUE_FROM, AUTH_FIELD_4_VALUE_TO, AUTH_FIELD_5_VALUE_FROM, AUTH_FIELD_5_VALUE_TO, CREATE_BY, CREATE_DATE, LASTUPDATE_BY, LASTUPDATE_DATE, ROW_VERSION) VALUES (29, N'S0029', N'PrintSlip2Buy', N'ZO002', N'/printSlip/slip2Buy.html', N'/printSlip/slip2Buy.html', NULL, NULL, NULL, NULL, NULL, NULL, NULL, NULL, NULL, NULL, NULL, NULL, 1);
INSERT INTO UME_M_AUTHORIZATION (ID, AUTH_CODE, AUTH_NAME, AUTH_OBJECT_CODE, AUTH_FIELD_1_VALUE_FROM, AUTH_FIELD_1_VALUE_TO, AUTH_FIELD_2_VALUE_FROM, AUTH_FIELD_2_VALUE_TO, AUTH_FIELD_3_VALUE_FROM, AUTH_FIELD_3_VALUE_TO, AUTH_FIELD_4_VALUE_FROM, AUTH_FIELD_4_VALUE_TO, AUTH_FIELD_5_VALUE_FROM, AUTH_FIELD_5_VALUE_TO, CREATE_BY, CREATE_DATE, LASTUPDATE_BY, LASTUPDATE_DATE, ROW_VERSION) VALUES (30, N'S0030', N'PrintSlip2Sell', N'ZO002', N'/printSlip/slip2Sell.html', N'/printSlip/slip2Sell.html', NULL, NULL, NULL, NULL, NULL, NULL, NULL, NULL, NULL, NULL, NULL, NULL, 1);
INSERT INTO UME_M_AUTHORIZATION (ID, AUTH_CODE, AUTH_NAME, AUTH_OBJECT_CODE, AUTH_FIELD_1_VALUE_FROM, AUTH_FIELD_1_VALUE_TO, AUTH_FIELD_2_VALUE_FROM, AUTH_FIELD_2_VALUE_TO, AUTH_FIELD_3_VALUE_FROM, AUTH_FIELD_3_VALUE_TO, AUTH_FIELD_4_VALUE_FROM, AUTH_FIELD_4_VALUE_TO, AUTH_FIELD_5_VALUE_FROM, AUTH_FIELD_5_VALUE_TO, CREATE_BY, CREATE_DATE, LASTUPDATE_BY, LASTUPDATE_DATE, ROW_VERSION) VALUES (31, N'S0031', N'TxLimit', N'ZO005', NULL, NULL, NULL, NULL, NULL, NULL, NULL, NULL, NULL, NULL, NULL, NULL, NULL, NULL, 1);
INSERT INTO UME_M_AUTHORIZATION (ID, AUTH_CODE, AUTH_NAME, AUTH_OBJECT_CODE, AUTH_FIELD_1_VALUE_FROM, AUTH_FIELD_1_VALUE_TO, AUTH_FIELD_2_VALUE_FROM, AUTH_FIELD_2_VALUE_TO, AUTH_FIELD_3_VALUE_FROM, AUTH_FIELD_3_VALUE_TO, AUTH_FIELD_4_VALUE_FROM, AUTH_FIELD_4_VALUE_TO, AUTH_FIELD_5_VALUE_FROM, AUTH_FIELD_5_VALUE_TO, CREATE_BY, CREATE_DATE, LASTUPDATE_BY, LASTUPDATE_DATE, ROW_VERSION) VALUES (32, N'S0032', N'ReportPL', N'ZO002', N'/report/reportPL.html', N'/report/reportPL.html', NULL, NULL, NULL, NULL, NULL, NULL, NULL, NULL, NULL, NULL, NULL, NULL, 1);
INSERT INTO UME_M_AUTHORIZATION (ID, AUTH_CODE, AUTH_NAME, AUTH_OBJECT_CODE, AUTH_FIELD_1_VALUE_FROM, AUTH_FIELD_1_VALUE_TO, AUTH_FIELD_2_VALUE_FROM, AUTH_FIELD_2_VALUE_TO, AUTH_FIELD_3_VALUE_FROM, AUTH_FIELD_3_VALUE_TO, AUTH_FIELD_4_VALUE_FROM, AUTH_FIELD_4_VALUE_TO, AUTH_FIELD_5_VALUE_FROM, AUTH_FIELD_5_VALUE_TO, CREATE_BY, CREATE_DATE, LASTUPDATE_BY, LASTUPDATE_DATE, ROW_VERSION) VALUES (33, N'S0033', N'ReportPLProduct', N'ZO002', N'/report/reportPLProduct.html', N'/report/reportPLProduct.html', NULL, NULL, NULL, NULL, NULL, NULL, NULL, NULL, NULL, NULL, NULL, NULL, 1);

INSERT INTO UME_M_MAPPING_AUTH_ROLE (ID, AUTH_ID, ROLE_ID, CREATE_BY, CREATE_DATE, LASTUPATE_BY, LASTUPDATE_DATE, ROW_VERSION) VALUES (1, 1, 1, NULL, NULL, NULL, NULL, 1);
INSERT INTO UME_M_MAPPING_AUTH_ROLE (ID, AUTH_ID, ROLE_ID, CREATE_BY, CREATE_DATE, LASTUPATE_BY, LASTUPDATE_DATE, ROW_VERSION) VALUES (2, 2, 1, NULL, NULL, NULL, NULL, 1);
INSERT INTO UME_M_MAPPING_AUTH_ROLE (ID, AUTH_ID, ROLE_ID, CREATE_BY, CREATE_DATE, LASTUPATE_BY, LASTUPDATE_DATE, ROW_VERSION) VALUES (3, 3, 1, NULL, NULL, NULL, NULL, 1);
INSERT INTO UME_M_MAPPING_AUTH_ROLE (ID, AUTH_ID, ROLE_ID, CREATE_BY, CREATE_DATE, LASTUPATE_BY, LASTUPDATE_DATE, ROW_VERSION) VALUES (4, 4, 1, NULL, NULL, NULL, NULL, 1);
INSERT INTO UME_M_MAPPING_AUTH_ROLE (ID, AUTH_ID, ROLE_ID, CREATE_BY, CREATE_DATE, LASTUPATE_BY, LASTUPDATE_DATE, ROW_VERSION) VALUES (5, 5, 1, NULL, NULL, NULL, NULL, 1);
INSERT INTO UME_M_MAPPING_AUTH_ROLE (ID, AUTH_ID, ROLE_ID, CREATE_BY, CREATE_DATE, LASTUPATE_BY, LASTUPDATE_DATE, ROW_VERSION) VALUES (6, 6, 1, NULL, NULL, NULL, NULL, 1);
INSERT INTO UME_M_MAPPING_AUTH_ROLE (ID, AUTH_ID, ROLE_ID, CREATE_BY, CREATE_DATE, LASTUPATE_BY, LASTUPDATE_DATE, ROW_VERSION) VALUES (7, 7, 1, NULL, NULL, NULL, NULL, 1);
INSERT INTO UME_M_MAPPING_AUTH_ROLE (ID, AUTH_ID, ROLE_ID, CREATE_BY, CREATE_DATE, LASTUPATE_BY, LASTUPDATE_DATE, ROW_VERSION) VALUES (8, 8, 1, NULL, NULL, NULL, NULL, 1);
INSERT INTO UME_M_MAPPING_AUTH_ROLE (ID, AUTH_ID, ROLE_ID, CREATE_BY, CREATE_DATE, LASTUPATE_BY, LASTUPDATE_DATE, ROW_VERSION) VALUES (9, 9, 1, NULL, NULL, NULL, NULL, 1);
INSERT INTO UME_M_MAPPING_AUTH_ROLE (ID, AUTH_ID, ROLE_ID, CREATE_BY, CREATE_DATE, LASTUPATE_BY, LASTUPDATE_DATE, ROW_VERSION) VALUES (10, 10, 1, NULL, NULL, NULL, NULL, 1);
INSERT INTO UME_M_MAPPING_AUTH_ROLE (ID, AUTH_ID, ROLE_ID, CREATE_BY, CREATE_DATE, LASTUPATE_BY, LASTUPDATE_DATE, ROW_VERSION) VALUES (11, 11, 1, NULL, NULL, NULL, NULL, 1);
INSERT INTO UME_M_MAPPING_AUTH_ROLE (ID, AUTH_ID, ROLE_ID, CREATE_BY, CREATE_DATE, LASTUPATE_BY, LASTUPDATE_DATE, ROW_VERSION) VALUES (12, 12, 1, NULL, NULL, NULL, NULL, 1);
INSERT INTO UME_M_MAPPING_AUTH_ROLE (ID, AUTH_ID, ROLE_ID, CREATE_BY, CREATE_DATE, LASTUPATE_BY, LASTUPDATE_DATE, ROW_VERSION) VALUES (13, 13, 1, NULL, NULL, NULL, NULL, 1);
INSERT INTO UME_M_MAPPING_AUTH_ROLE (ID, AUTH_ID, ROLE_ID, CREATE_BY, CREATE_DATE, LASTUPATE_BY, LASTUPDATE_DATE, ROW_VERSION) VALUES (14, 14, 1, NULL, NULL, NULL, NULL, 1);
INSERT INTO UME_M_MAPPING_AUTH_ROLE (ID, AUTH_ID, ROLE_ID, CREATE_BY, CREATE_DATE, LASTUPATE_BY, LASTUPDATE_DATE, ROW_VERSION) VALUES (15, 15, 1, NULL, NULL, NULL, NULL, 1);
INSERT INTO UME_M_MAPPING_AUTH_ROLE (ID, AUTH_ID, ROLE_ID, CREATE_BY, CREATE_DATE, LASTUPATE_BY, LASTUPDATE_DATE, ROW_VERSION) VALUES (16, 16, 1, NULL, NULL, NULL, NULL, 1);
INSERT INTO UME_M_MAPPING_AUTH_ROLE (ID, AUTH_ID, ROLE_ID, CREATE_BY, CREATE_DATE, LASTUPATE_BY, LASTUPDATE_DATE, ROW_VERSION) VALUES (17, 17, 1, NULL, NULL, NULL, NULL, 1);
INSERT INTO UME_M_MAPPING_AUTH_ROLE (ID, AUTH_ID, ROLE_ID, CREATE_BY, CREATE_DATE, LASTUPATE_BY, LASTUPDATE_DATE, ROW_VERSION) VALUES (18, 18, 1, NULL, NULL, NULL, NULL, 1);
INSERT INTO UME_M_MAPPING_AUTH_ROLE (ID, AUTH_ID, ROLE_ID, CREATE_BY, CREATE_DATE, LASTUPATE_BY, LASTUPDATE_DATE, ROW_VERSION) VALUES (19, 19, 1, NULL, NULL, NULL, NULL, 1);
INSERT INTO UME_M_MAPPING_AUTH_ROLE (ID, AUTH_ID, ROLE_ID, CREATE_BY, CREATE_DATE, LASTUPATE_BY, LASTUPDATE_DATE, ROW_VERSION) VALUES (20, 20, 1, NULL, NULL, NULL, NULL, 1);
INSERT INTO UME_M_MAPPING_AUTH_ROLE (ID, AUTH_ID, ROLE_ID, CREATE_BY, CREATE_DATE, LASTUPATE_BY, LASTUPDATE_DATE, ROW_VERSION) VALUES (21, 21, 1, NULL, NULL, NULL, NULL, 1);
INSERT INTO UME_M_MAPPING_AUTH_ROLE (ID, AUTH_ID, ROLE_ID, CREATE_BY, CREATE_DATE, LASTUPATE_BY, LASTUPDATE_DATE, ROW_VERSION) VALUES (22, 22, 1, NULL, NULL, NULL, NULL, 1);
INSERT INTO UME_M_MAPPING_AUTH_ROLE (ID, AUTH_ID, ROLE_ID, CREATE_BY, CREATE_DATE, LASTUPATE_BY, LASTUPDATE_DATE, ROW_VERSION) VALUES (23, 23, 1, NULL, NULL, NULL, NULL, 1);
INSERT INTO UME_M_MAPPING_AUTH_ROLE (ID, AUTH_ID, ROLE_ID, CREATE_BY, CREATE_DATE, LASTUPATE_BY, LASTUPDATE_DATE, ROW_VERSION) VALUES (24, 24, 1, NULL, NULL, NULL, NULL, 1);
INSERT INTO UME_M_MAPPING_AUTH_ROLE (ID, AUTH_ID, ROLE_ID, CREATE_BY, CREATE_DATE, LASTUPATE_BY, LASTUPDATE_DATE, ROW_VERSION) VALUES (25, 1, 2, NULL, NULL, NULL, NULL, 1);
INSERT INTO UME_M_MAPPING_AUTH_ROLE (ID, AUTH_ID, ROLE_ID, CREATE_BY, CREATE_DATE, LASTUPATE_BY, LASTUPDATE_DATE, ROW_VERSION) VALUES (26, 2, 2, NULL, NULL, NULL, NULL, 1);
INSERT INTO UME_M_MAPPING_AUTH_ROLE (ID, AUTH_ID, ROLE_ID, CREATE_BY, CREATE_DATE, LASTUPATE_BY, LASTUPDATE_DATE, ROW_VERSION) VALUES (27, 3, 2, NULL, NULL, NULL, NULL, 1);
INSERT INTO UME_M_MAPPING_AUTH_ROLE (ID, AUTH_ID, ROLE_ID, CREATE_BY, CREATE_DATE, LASTUPATE_BY, LASTUPDATE_DATE, ROW_VERSION) VALUES (28, 4, 2, NULL, NULL, NULL, NULL, 1);
INSERT INTO UME_M_MAPPING_AUTH_ROLE (ID, AUTH_ID, ROLE_ID, CREATE_BY, CREATE_DATE, LASTUPATE_BY, LASTUPDATE_DATE, ROW_VERSION) VALUES (29, 5, 2, NULL, NULL, NULL, NULL, 1);
INSERT INTO UME_M_MAPPING_AUTH_ROLE (ID, AUTH_ID, ROLE_ID, CREATE_BY, CREATE_DATE, LASTUPATE_BY, LASTUPDATE_DATE, ROW_VERSION) VALUES (30, 10, 2, NULL, NULL, NULL, NULL, 1);
INSERT INTO UME_M_MAPPING_AUTH_ROLE (ID, AUTH_ID, ROLE_ID, CREATE_BY, CREATE_DATE, LASTUPATE_BY, LASTUPDATE_DATE, ROW_VERSION) VALUES (31, 11, 2, NULL, NULL, NULL, NULL, 1);
INSERT INTO UME_M_MAPPING_AUTH_ROLE (ID, AUTH_ID, ROLE_ID, CREATE_BY, CREATE_DATE, LASTUPATE_BY, LASTUPDATE_DATE, ROW_VERSION) VALUES (32, 12, 2, NULL, NULL, NULL, NULL, 1);
INSERT INTO UME_M_MAPPING_AUTH_ROLE (ID, AUTH_ID, ROLE_ID, CREATE_BY, CREATE_DATE, LASTUPATE_BY, LASTUPDATE_DATE, ROW_VERSION) VALUES (33, 13, 2, NULL, NULL, NULL, NULL, 1);
INSERT INTO UME_M_MAPPING_AUTH_ROLE (ID, AUTH_ID, ROLE_ID, CREATE_BY, CREATE_DATE, LASTUPATE_BY, LASTUPDATE_DATE, ROW_VERSION) VALUES (34, 14, 2, NULL, NULL, NULL, NULL, 1);
INSERT INTO UME_M_MAPPING_AUTH_ROLE (ID, AUTH_ID, ROLE_ID, CREATE_BY, CREATE_DATE, LASTUPATE_BY, LASTUPDATE_DATE, ROW_VERSION) VALUES (35, 15, 2, NULL, NULL, NULL, NULL, 1);
INSERT INTO UME_M_MAPPING_AUTH_ROLE (ID, AUTH_ID, ROLE_ID, CREATE_BY, CREATE_DATE, LASTUPATE_BY, LASTUPDATE_DATE, ROW_VERSION) VALUES (36, 16, 2, NULL, NULL, NULL, NULL, 1);
INSERT INTO UME_M_MAPPING_AUTH_ROLE (ID, AUTH_ID, ROLE_ID, CREATE_BY, CREATE_DATE, LASTUPATE_BY, LASTUPDATE_DATE, ROW_VERSION) VALUES (37, 17, 2, NULL, NULL, NULL, NULL, 1);
INSERT INTO UME_M_MAPPING_AUTH_ROLE (ID, AUTH_ID, ROLE_ID, CREATE_BY, CREATE_DATE, LASTUPATE_BY, LASTUPDATE_DATE, ROW_VERSION) VALUES (38, 18, 2, NULL, NULL, NULL, NULL, 1);
INSERT INTO UME_M_MAPPING_AUTH_ROLE (ID, AUTH_ID, ROLE_ID, CREATE_BY, CREATE_DATE, LASTUPATE_BY, LASTUPDATE_DATE, ROW_VERSION) VALUES (39, 19, 2, NULL, NULL, NULL, NULL, 1);
INSERT INTO UME_M_MAPPING_AUTH_ROLE (ID, AUTH_ID, ROLE_ID, CREATE_BY, CREATE_DATE, LASTUPATE_BY, LASTUPDATE_DATE, ROW_VERSION) VALUES (40, 20, 2, NULL, NULL, NULL, NULL, 1);
INSERT INTO UME_M_MAPPING_AUTH_ROLE (ID, AUTH_ID, ROLE_ID, CREATE_BY, CREATE_DATE, LASTUPATE_BY, LASTUPDATE_DATE, ROW_VERSION) VALUES (41, 21, 2, NULL, NULL, NULL, NULL, 1);
INSERT INTO UME_M_MAPPING_AUTH_ROLE (ID, AUTH_ID, ROLE_ID, CREATE_BY, CREATE_DATE, LASTUPATE_BY, LASTUPDATE_DATE, ROW_VERSION) VALUES (42, 22, 2, NULL, NULL, NULL, NULL, 1);
INSERT INTO UME_M_MAPPING_AUTH_ROLE (ID, AUTH_ID, ROLE_ID, CREATE_BY, CREATE_DATE, LASTUPATE_BY, LASTUPDATE_DATE, ROW_VERSION) VALUES (43, 23, 2, NULL, NULL, NULL, NULL, 1);
INSERT INTO UME_M_MAPPING_AUTH_ROLE (ID, AUTH_ID, ROLE_ID, CREATE_BY, CREATE_DATE, LASTUPATE_BY, LASTUPDATE_DATE, ROW_VERSION) VALUES (44, 24, 2, NULL, NULL, NULL, NULL, 1);
INSERT INTO UME_M_MAPPING_AUTH_ROLE (ID, AUTH_ID, ROLE_ID, CREATE_BY, CREATE_DATE, LASTUPATE_BY, LASTUPDATE_DATE, ROW_VERSION) VALUES (45, 1, 3, NULL, NULL, NULL, NULL, 1);
INSERT INTO UME_M_MAPPING_AUTH_ROLE (ID, AUTH_ID, ROLE_ID, CREATE_BY, CREATE_DATE, LASTUPATE_BY, LASTUPDATE_DATE, ROW_VERSION) VALUES (46, 2, 3, NULL, NULL, NULL, NULL, 1);
INSERT INTO UME_M_MAPPING_AUTH_ROLE (ID, AUTH_ID, ROLE_ID, CREATE_BY, CREATE_DATE, LASTUPATE_BY, LASTUPDATE_DATE, ROW_VERSION) VALUES (47, 4, 3, NULL, NULL, NULL, NULL, 1);
INSERT INTO UME_M_MAPPING_AUTH_ROLE (ID, AUTH_ID, ROLE_ID, CREATE_BY, CREATE_DATE, LASTUPATE_BY, LASTUPDATE_DATE, ROW_VERSION) VALUES (48, 5, 3, NULL, NULL, NULL, NULL, 1);
INSERT INTO UME_M_MAPPING_AUTH_ROLE (ID, AUTH_ID, ROLE_ID, CREATE_BY, CREATE_DATE, LASTUPATE_BY, LASTUPDATE_DATE, ROW_VERSION) VALUES (49, 10, 3, NULL, NULL, NULL, NULL, 1);
INSERT INTO UME_M_MAPPING_AUTH_ROLE (ID, AUTH_ID, ROLE_ID, CREATE_BY, CREATE_DATE, LASTUPATE_BY, LASTUPDATE_DATE, ROW_VERSION) VALUES (50, 11, 3, NULL, NULL, NULL, NULL, 1);
INSERT INTO UME_M_MAPPING_AUTH_ROLE (ID, AUTH_ID, ROLE_ID, CREATE_BY, CREATE_DATE, LASTUPATE_BY, LASTUPDATE_DATE, ROW_VERSION) VALUES (51, 19, 3, NULL, NULL, NULL, NULL, 1);
INSERT INTO UME_M_MAPPING_AUTH_ROLE (ID, AUTH_ID, ROLE_ID, CREATE_BY, CREATE_DATE, LASTUPATE_BY, LASTUPDATE_DATE, ROW_VERSION) VALUES (52, 20, 3, NULL, NULL, NULL, NULL, 1);
INSERT INTO UME_M_MAPPING_AUTH_ROLE (ID, AUTH_ID, ROLE_ID, CREATE_BY, CREATE_DATE, LASTUPATE_BY, LASTUPDATE_DATE, ROW_VERSION) VALUES (53, 21, 3, NULL, NULL, NULL, NULL, 1);
INSERT INTO UME_M_MAPPING_AUTH_ROLE (ID, AUTH_ID, ROLE_ID, CREATE_BY, CREATE_DATE, LASTUPATE_BY, LASTUPDATE_DATE, ROW_VERSION) VALUES (54, 23, 3, NULL, NULL, NULL, NULL, 1);
INSERT INTO UME_M_MAPPING_AUTH_ROLE (ID, AUTH_ID, ROLE_ID, CREATE_BY, CREATE_DATE, LASTUPATE_BY, LASTUPDATE_DATE, ROW_VERSION) VALUES (55, 25, 1, NULL, NULL, NULL, NULL, 1);
INSERT INTO UME_M_MAPPING_AUTH_ROLE (ID, AUTH_ID, ROLE_ID, CREATE_BY, CREATE_DATE, LASTUPATE_BY, LASTUPDATE_DATE, ROW_VERSION) VALUES (56, 25, 2, NULL, NULL, NULL, NULL, 1);
INSERT INTO UME_M_MAPPING_AUTH_ROLE (ID, AUTH_ID, ROLE_ID, CREATE_BY, CREATE_DATE, LASTUPATE_BY, LASTUPDATE_DATE, ROW_VERSION) VALUES (57, 25, 3, NULL, NULL, NULL, NULL, 1);
INSERT INTO UME_M_MAPPING_AUTH_ROLE (ID, AUTH_ID, ROLE_ID, CREATE_BY, CREATE_DATE, LASTUPATE_BY, LASTUPDATE_DATE, ROW_VERSION) VALUES (58, 26, 1, NULL, NULL, NULL, NULL, 1);
INSERT INTO UME_M_MAPPING_AUTH_ROLE (ID, AUTH_ID, ROLE_ID, CREATE_BY, CREATE_DATE, LASTUPATE_BY, LASTUPDATE_DATE, ROW_VERSION) VALUES (59, 26, 2, NULL, NULL, NULL, NULL, 1);
INSERT INTO UME_M_MAPPING_AUTH_ROLE (ID, AUTH_ID, ROLE_ID, CREATE_BY, CREATE_DATE, LASTUPATE_BY, LASTUPDATE_DATE, ROW_VERSION) VALUES (60, 26, 3, NULL, NULL, NULL, NULL, 1);
INSERT INTO UME_M_MAPPING_AUTH_ROLE (ID, AUTH_ID, ROLE_ID, CREATE_BY, CREATE_DATE, LASTUPATE_BY, LASTUPDATE_DATE, ROW_VERSION) VALUES (61, 27, 1, NULL, NULL, NULL, NULL, 1);
INSERT INTO UME_M_MAPPING_AUTH_ROLE (ID, AUTH_ID, ROLE_ID, CREATE_BY, CREATE_DATE, LASTUPATE_BY, LASTUPDATE_DATE, ROW_VERSION) VALUES (62, 27, 2, NULL, NULL, NULL, NULL, 1);
INSERT INTO UME_M_MAPPING_AUTH_ROLE (ID, AUTH_ID, ROLE_ID, CREATE_BY, CREATE_DATE, LASTUPATE_BY, LASTUPDATE_DATE, ROW_VERSION) VALUES (63, 27, 3, NULL, NULL, NULL, NULL, 1);
INSERT INTO UME_M_MAPPING_AUTH_ROLE (ID, AUTH_ID, ROLE_ID, CREATE_BY, CREATE_DATE, LASTUPATE_BY, LASTUPDATE_DATE, ROW_VERSION) VALUES (64, 28, 1, NULL, NULL, NULL, NULL, 1);
INSERT INTO UME_M_MAPPING_AUTH_ROLE (ID, AUTH_ID, ROLE_ID, CREATE_BY, CREATE_DATE, LASTUPATE_BY, LASTUPDATE_DATE, ROW_VERSION) VALUES (65, 28, 2, NULL, NULL, NULL, NULL, 1);
INSERT INTO UME_M_MAPPING_AUTH_ROLE (ID, AUTH_ID, ROLE_ID, CREATE_BY, CREATE_DATE, LASTUPATE_BY, LASTUPDATE_DATE, ROW_VERSION) VALUES (66, 28, 3, NULL, NULL, NULL, NULL, 1);
INSERT INTO UME_M_MAPPING_AUTH_ROLE (ID, AUTH_ID, ROLE_ID, CREATE_BY, CREATE_DATE, LASTUPATE_BY, LASTUPDATE_DATE, ROW_VERSION) VALUES (67, 29, 1, NULL, NULL, NULL, NULL, 1);
INSERT INTO UME_M_MAPPING_AUTH_ROLE (ID, AUTH_ID, ROLE_ID, CREATE_BY, CREATE_DATE, LASTUPATE_BY, LASTUPDATE_DATE, ROW_VERSION) VALUES (68, 29, 2, NULL, NULL, NULL, NULL, 1);
INSERT INTO UME_M_MAPPING_AUTH_ROLE (ID, AUTH_ID, ROLE_ID, CREATE_BY, CREATE_DATE, LASTUPATE_BY, LASTUPDATE_DATE, ROW_VERSION) VALUES (69, 29, 3, NULL, NULL, NULL, NULL, 1);
INSERT INTO UME_M_MAPPING_AUTH_ROLE (ID, AUTH_ID, ROLE_ID, CREATE_BY, CREATE_DATE, LASTUPATE_BY, LASTUPDATE_DATE, ROW_VERSION) VALUES (70, 30, 1, NULL, NULL, NULL, NULL, 1);
INSERT INTO UME_M_MAPPING_AUTH_ROLE (ID, AUTH_ID, ROLE_ID, CREATE_BY, CREATE_DATE, LASTUPATE_BY, LASTUPDATE_DATE, ROW_VERSION) VALUES (71, 30, 2, NULL, NULL, NULL, NULL, 1);
INSERT INTO UME_M_MAPPING_AUTH_ROLE (ID, AUTH_ID, ROLE_ID, CREATE_BY, CREATE_DATE, LASTUPATE_BY, LASTUPDATE_DATE, ROW_VERSION) VALUES (72, 30, 3, NULL, NULL, NULL, NULL, 1);
INSERT INTO UME_M_MAPPING_AUTH_ROLE (ID, AUTH_ID, ROLE_ID, CREATE_BY, CREATE_DATE, LASTUPATE_BY, LASTUPDATE_DATE, ROW_VERSION) VALUES (73, 31, 1, NULL, NULL, NULL, NULL, 1);
INSERT INTO UME_M_MAPPING_AUTH_ROLE (ID, AUTH_ID, ROLE_ID, CREATE_BY, CREATE_DATE, LASTUPATE_BY, LASTUPDATE_DATE, ROW_VERSION) VALUES (74, 31, 2, NULL, NULL, NULL, NULL, 1);
INSERT INTO UME_M_MAPPING_AUTH_ROLE (ID, AUTH_ID, ROLE_ID, CREATE_BY, CREATE_DATE, LASTUPATE_BY, LASTUPDATE_DATE, ROW_VERSION) VALUES (75, 32, 1, NULL, NULL, NULL, NULL, 1);
INSERT INTO UME_M_MAPPING_AUTH_ROLE (ID, AUTH_ID, ROLE_ID, CREATE_BY, CREATE_DATE, LASTUPATE_BY, LASTUPDATE_DATE, ROW_VERSION) VALUES (76, 32, 2, NULL, NULL, NULL, NULL, 1);
INSERT INTO UME_M_MAPPING_AUTH_ROLE (ID, AUTH_ID, ROLE_ID, CREATE_BY, CREATE_DATE, LASTUPATE_BY, LASTUPDATE_DATE, ROW_VERSION) VALUES (77, 32, 3, NULL, NULL, NULL, NULL, 1);
INSERT INTO UME_M_MAPPING_AUTH_ROLE (ID, AUTH_ID, ROLE_ID, CREATE_BY, CREATE_DATE, LASTUPATE_BY, LASTUPDATE_DATE, ROW_VERSION) VALUES (78, 33, 1, NULL, NULL, NULL, NULL, 1);
INSERT INTO UME_M_MAPPING_AUTH_ROLE (ID, AUTH_ID, ROLE_ID, CREATE_BY, CREATE_DATE, LASTUPATE_BY, LASTUPDATE_DATE, ROW_VERSION) VALUES (79, 33, 2, NULL, NULL, NULL, NULL, 1);
INSERT INTO UME_M_MAPPING_AUTH_ROLE (ID, AUTH_ID, ROLE_ID, CREATE_BY, CREATE_DATE, LASTUPATE_BY, LASTUPDATE_DATE, ROW_VERSION) VALUES (81, 33, 3, NULL, NULL, NULL, NULL, 1);


INSERT INTO UME_M_MAPPING_ROLE_USER (ID, ROLE_ID, USER_ID, CREATE_BY, CREATE_DATE, LASTUPATE_BY, LASTUPDATE_DATE, ROW_VERSION) VALUES (1, 1, 1, NULL, NULL, NULL, NULL, 1);
INSERT INTO UME_M_MAPPING_ROLE_USER (ID, ROLE_ID, USER_ID, CREATE_BY, CREATE_DATE, LASTUPATE_BY, LASTUPDATE_DATE, ROW_VERSION) VALUES (2, 1, 2, NULL, NULL, NULL, NULL, 1);
INSERT INTO UME_M_MAPPING_ROLE_USER (ID, ROLE_ID, USER_ID, CREATE_BY, CREATE_DATE, LASTUPATE_BY, LASTUPDATE_DATE, ROW_VERSION) VALUES (3, 2, 3, NULL, NULL, NULL, NULL, 1);
INSERT INTO UME_M_MAPPING_ROLE_USER (ID, ROLE_ID, USER_ID, CREATE_BY, CREATE_DATE, LASTUPATE_BY, LASTUPDATE_DATE, ROW_VERSION) VALUES (4, 2, 4, NULL, NULL, NULL, NULL, 1);
INSERT INTO UME_M_MAPPING_ROLE_USER (ID, ROLE_ID, USER_ID, CREATE_BY, CREATE_DATE, LASTUPATE_BY, LASTUPDATE_DATE, ROW_VERSION) VALUES (5, 3, 5, NULL, NULL, NULL, NULL, 1);
INSERT INTO UME_M_MAPPING_ROLE_USER (ID, ROLE_ID, USER_ID, CREATE_BY, CREATE_DATE, LASTUPATE_BY, LASTUPDATE_DATE, ROW_VERSION) VALUES (6, 3, 6, NULL, NULL, NULL, NULL, 1);
INSERT INTO UME_M_MAPPING_ROLE_USER (ID, ROLE_ID, USER_ID, CREATE_BY, CREATE_DATE, LASTUPATE_BY, LASTUPDATE_DATE, ROW_VERSION) VALUES (7, 3, 7, NULL, NULL, NULL, NULL, 1);
INSERT INTO UME_M_MAPPING_ROLE_USER (ID, ROLE_ID, USER_ID, CREATE_BY, CREATE_DATE, LASTUPATE_BY, LASTUPDATE_DATE, ROW_VERSION) VALUES (8, 3, 8, NULL, NULL, NULL, NULL, 1);

INSERT INTO UME_M_ROLE (ID, ROLE_CODE, ROLE_NAME, CREATE_BY, CREATE_DATE, LASTUPDATE_BY, LASTUPDATE_DATE, ROW_VERSION) VALUES (1, N'R001', N'admin', NULL, NULL, NULL, NULL, 1);
INSERT INTO UME_M_ROLE (ID, ROLE_CODE, ROLE_NAME, CREATE_BY, CREATE_DATE, LASTUPDATE_BY, LASTUPDATE_DATE, ROW_VERSION) VALUES (2, N'R002', N'cashier', NULL, NULL, NULL, NULL, 1);
INSERT INTO UME_M_ROLE (ID, ROLE_CODE, ROLE_NAME, CREATE_BY, CREATE_DATE, LASTUPDATE_BY, LASTUPDATE_DATE, ROW_VERSION) VALUES (3, N'R003', N'teller', NULL, NULL, NULL, NULL, 1);

INSERT INTO UME_M_USER (ID, USER_CODE, USER_NAME, PASSWORD, CREATE_BY, CREATE_DATE, LASTUPDATE_BY, LASTUPDATE_DATE, ROW_VERSION) VALUES (1, N'admin', N'Admin', N'12345', NULL, NULL, NULL, NULL, 2);
INSERT INTO UME_M_USER (ID, USER_CODE, USER_NAME, PASSWORD, CREATE_BY, CREATE_DATE, LASTUPDATE_BY, LASTUPDATE_DATE, ROW_VERSION) VALUES (2, N'us001', N'System Admin', N'1999', NULL, NULL, NULL, NULL, 1);
INSERT INTO UME_M_USER (ID, USER_CODE, USER_NAME, PASSWORD, CREATE_BY, CREATE_DATE, LASTUPDATE_BY, LASTUPDATE_DATE, ROW_VERSION) VALUES (5, N'ut001', N'Teller1', N'1999', NULL, NULL, NULL, NULL, 4);
INSERT INTO UME_M_USER (ID, USER_CODE, USER_NAME, PASSWORD, CREATE_BY, CREATE_DATE, LASTUPDATE_BY, LASTUPDATE_DATE, ROW_VERSION) VALUES (6, N'ut002', N'Chawalit', N'song', NULL, NULL, NULL, NULL, 3);
INSERT INTO UME_M_USER (ID, USER_CODE, USER_NAME, PASSWORD, CREATE_BY, CREATE_DATE, LASTUPDATE_BY, LASTUPDATE_DATE, ROW_VERSION) VALUES (7, N'ut003', N'Teller3', N'1999', NULL, NULL, NULL, NULL, 1);
INSERT INTO UME_M_USER (ID, USER_CODE, USER_NAME, PASSWORD, CREATE_BY, CREATE_DATE, LASTUPDATE_BY, LASTUPDATE_DATE, ROW_VERSION) VALUES (8, N'ut004', N'Teller4', N'1999', NULL, NULL, NULL, NULL, 1);


